Country,Month,track_name,artist_names,Total_Streams
AU,2023-06,(It Goes Like) Nanana - Edit,Peggy Gou,293875
AU,2023-06,...Ready For It?,Taylor Swift,292280
AU,2023-06,10:35,"Tiësto, Tate McRae",1244149
AU,2023-06,AMERICA HAS A PROBLEM (feat. Kendrick Lamar),"Beyoncé, Kendrick Lamar",349122
AU,2023-06,About Damn Time,Lizzo,545243
AU,2023-07,(It Goes Like) Nanana - Edit,Peggy Gou,1390089
AU,2023-07,...Ready For It?,Taylor Swift,309439
AU,2023-07,10:35,"Tiësto, Tate McRae",1595030
AU,2023-07,2 Be Loved (Am I Ready),Lizzo,641544
AU,2023-07,ASAP,NewJeans,401828
AU,2023-08,(It Goes Like) Nanana - Edit,Peggy Gou,3080796
AU,2023-08,10:35,"Tiësto, Tate McRae",1974018
AU,2023-08,3:15 (Breathe),Russ,289281
AU,2023-08,7 Years,Lukas Graham,864921
AU,2023-08,Africa,TOTO,1551989
AU,2023-09,(It Goes Like) Nanana - Edit,Peggy Gou,2563171
AU,2023-09,10:35,"Tiësto, Tate McRae",1637161
AU,2023-09,A N X I E T Y (feat. Doechii),"Sleepy Hallow, Doechii",417805
AU,2023-09,Africa,TOTO,1333153
AU,2023-09,After Hours,The Weeknd,315552
AU,2023-10,(It Goes Like) Nanana - Edit,Peggy Gou,2125558
AU,2023-10,10:35,"Tiësto, Tate McRae",1523364
AU,2023-10,3D (feat. Jack Harlow),"Jung Kook, Jack Harlow",1823597
AU,2023-10,7969 Santa,Drake,628876
AU,2023-10,8am in Charlotte,Drake,651844
AU,2023-11,"""Slut!"" (Taylor's Version) (From The Vault)",Taylor Swift,3686055
AU,2023-11,(It Goes Like) Nanana - Edit,Peggy Gou,2228346
AU,2023-11,10:35,"Tiësto, Tate McRae",1620955
AU,2023-11,3D (feat. Jack Harlow),"Jung Kook, Jack Harlow",668283
AU,2023-11,500lbs,Lil Tecca,319274
AU,2023-12,(It Goes Like) Nanana - Edit,Peggy Gou,1844684
AU,2023-12,10:35,"Tiësto, Tate McRae",1125271
AU,2023-12,500lbs,Lil Tecca,337795
AU,2023-12,A Holly Jolly Christmas,Burl Ives,2397671
AU,2023-12,A Nonsense Christmas,Sabrina Carpenter,435165
AU,2024-01,(It Goes Like) Nanana - Edit,Peggy Gou,2137668
AU,2024-01,10:35,"Tiësto, Tate McRae",1389858
AU,2024-01,Africa,TOTO,1345273
AU,2024-01,Agora Hills,Doja Cat,2604235
AU,2024-01,Ain't No Mountain High Enough,"Marvin Gaye, Tammi Terrell",1735942
AU,2024-02,(It Goes Like) Nanana - Edit,Peggy Gou,2242428
AU,2024-02,...Ready For It?,Taylor Swift,2658521
AU,2024-02,10:35,"Tiësto, Tate McRae",666880
AU,2024-02,22 (Taylor's Version),Taylor Swift,988115
AU,2024-02,500lbs,Lil Tecca,350994
AU,2024-03,...Ready For It?,Taylor Swift,1869991
AU,2024-03,Agora Hills,Doja Cat,1726281
AU,2024-03,Ain't No Sunshine,Bill Withers,1098508
AU,2024-03,All The Small Things,blink-182,714612
AU,2024-03,All The Stars (with SZA),"Kendrick Lamar, SZA",2007815
AU,2024-04,...Ready For It?,Taylor Swift,1083462
AU,2024-04,16 CARRIAGES,Beyoncé,406001
AU,2024-04,7 Minute Drill,J. Cole,525553
AU,2024-04,A Bar Song (Tipsy),Shaboozey,1796237
AU,2024-04,AMERIICAN REQUIEM,Beyoncé,437160
AU,2024-05,A Bar Song (Tipsy),Shaboozey,14646665
AU,2024-05,Africa,TOTO,1593635
AU,2024-05,Ain't No Love In Oklahoma (From Twisters: The Album),Luke Combs,1462391
AU,2024-05,Ain't No Sunshine,Bill Withers,2069031
AU,2024-05,All The Small Things,blink-182,371078
AU,2024-06,360,Charli xcx,1585819
AU,2024-06,A Bar Song (Tipsy),Shaboozey,11078692
AU,2024-06,A Sky Full of Stars,Coldplay,1482317
AU,2024-06,Africa,TOTO,1579694
AU,2024-06,Ain't No Love In Oklahoma (From Twisters: The Album),Luke Combs,2231617
AU,2024-07,(Sittin' On) the Dock of the Bay,Otis Redding,1218385
AU,2024-07,28,Zach Bryan,2035906
AU,2024-07,360,Charli xcx,2615131
AU,2024-07,A Bar Song (Tipsy),Shaboozey,9419391
AU,2024-07,A Sky Full of Stars,Coldplay,1602064
AU,2024-08,(Sittin' On) the Dock of the Bay,Otis Redding,447155
AU,2024-08,28,Zach Bryan,2777988
AU,2024-08,3 Nights,Dominic Fike,379546
AU,2024-08,360,Charli xcx,4134619
AU,2024-08,365,Charli xcx,1218011
AU,2024-09,28,Zach Bryan,2136032
AU,2024-09,360,Charli xcx,2229927
AU,2024-09,A Bar Song (Tipsy),Shaboozey,7112230
AU,2024-09,ALL RED,Playboi Carti,630959
AU,2024-09,Africa,TOTO,1716079
AU,2024-10,28,Zach Bryan,2181253
AU,2024-10,360,Charli xcx,1252632
AU,2024-10,A Bar Song (Tipsy),Shaboozey,8172495
AU,2024-10,A Lot More Free,Max McNown,2296008
AU,2024-10,A Sky Full of Stars,Coldplay,2359841
AU,2024-11,(Sittin' On) the Dock of the Bay,Otis Redding,1723735
AU,2024-11,2 hands,Tate McRae,1991003
AU,2024-11,28,Zach Bryan,793366
AU,2024-11,3 Nights,Dominic Fike,364107
AU,2024-11,A Bar Song (Tipsy),Shaboozey,5639192
AU,2024-12,2 hands,Tate McRae,1282204
AU,2024-12,360,Charli xcx,365064
AU,2024-12,A Bar Song (Tipsy),Shaboozey,2900112
AU,2024-12,A Lot More Free,Max McNown,386039
AU,2024-12,A Nonsense Christmas,Sabrina Carpenter,500441
BR,2023-06,01 Não É 02,"Mc Paiva ZS, Love Funk, DJ Ak beats",1313298
BR,2023-06,085 - Ao Vivo,Rogerinho,9781849
BR,2023-06,3AM (PXT4 RASA),"Sotam, Matheus Muniz",3096244
BR,2023-06,5 Regras - Ao Vivo,Jorge & Mateus,5034722
BR,2023-06,A Culpa É Nossa - Ao Vivo,Maiara & Maraisa,9756499
BR,2023-07,01 Não É 02,"Mc Paiva ZS, Love Funk, DJ Ak beats",6900444
BR,2023-07,085 - Ao Vivo,Rogerinho,12068426
BR,2023-07,2023,"Vulgo FK, MC Ryan SP, Tkd, Bvga Beatz, MATHINVOKER",3503902
BR,2023-07,5 Regras - Ao Vivo,Jorge & Mateus,6056231
BR,2023-07,A Culpa É Nossa - Ao Vivo,Maiara & Maraisa,12508623
BR,2023-08,01 Não É 02,"Mc Paiva ZS, Love Funk, DJ Ak beats",9311563
BR,2023-08,085 - Ao Vivo,Rogerinho,11653540
BR,2023-08,2023,"Vulgo FK, MC Ryan SP, Tkd, Bvga Beatz, MATHINVOKER",8940089
BR,2023-08,5 Regras - Ao Vivo,Jorge & Mateus,6767682
BR,2023-08,A Cara do Crime 4 (Acendo a Flor),"Mc Poze do Rodo, MC Cabelinho, MC Ryan SP, Bielzin, Oruam, Portugal No Beat",4103340
BR,2023-09,01 Não É 02,"Mc Paiva ZS, Love Funk, DJ Ak beats",7158294
BR,2023-09,085 - Ao Vivo,Rogerinho,7693316
BR,2023-09,2023,"Vulgo FK, MC Ryan SP, Tkd, Bvga Beatz, MATHINVOKER",6574816
BR,2023-09,5 Da Manhã - Ao Vivo,"Raí Saia Rodada, João Gomes",1107510
BR,2023-09,5 Regras - Ao Vivo,Jorge & Mateus,5105847
BR,2023-10,01 Não É 02,"Mc Paiva ZS, Love Funk, DJ Ak beats",5791464
BR,2023-10,085 - Ao Vivo,Rogerinho,4560120
BR,2023-10,2023,"Vulgo FK, MC Ryan SP, Tkd, Bvga Beatz, MATHINVOKER",5167032
BR,2023-10,3D (feat. Jack Harlow),"Jung Kook, Jack Harlow",6008596
BR,2023-10,5 Da Manhã - Ao Vivo,"Raí Saia Rodada, João Gomes",5421516
BR,2023-11,"""Slut!"" (Taylor's Version) (From The Vault)",Taylor Swift,1438155
BR,2023-11,01 Não É 02,"Mc Paiva ZS, Love Funk, DJ Ak beats",6642672
BR,2023-11,10 Carros,"Chefin, Mainstreet, LB Único",2481151
BR,2023-11,20 Ligações,Baco Exu do Blues,1118597
BR,2023-11,2023,"Vulgo FK, MC Ryan SP, Tkd, Bvga Beatz, MATHINVOKER",2068507
BR,2023-12,01 Não É 02,"Mc Paiva ZS, Love Funk, DJ Ak beats",5630588
BR,2023-12,10 Carros,"Chefin, Mainstreet, LB Único",20314111
BR,2023-12,400K,"Mc IG, DJ Jorgin",4006394
BR,2023-12,5 Da Manhã - Ao Vivo,"Raí Saia Rodada, João Gomes",5305134
BR,2023-12,A Culpa É Nossa - Ao Vivo,Maiara & Maraisa,6412725
BR,2024-01,01 Não É 02,"Mc Paiva ZS, Love Funk, DJ Ak beats",5060764
BR,2024-01,10 Carros,"Chefin, Mainstreet, LB Único",19602098
BR,2024-01,3 Dias Virado,Mc IG,3866403
BR,2024-01,400K,"Mc IG, DJ Jorgin",7044037
BR,2024-01,5 Da Manhã - Ao Vivo,"Raí Saia Rodada, João Gomes",5470552
BR,2024-02,01 Não É 02,"Mc Paiva ZS, Love Funk, DJ Ak beats",2485127
BR,2024-02,10 Carros,"Chefin, Mainstreet, LB Único",16833738
BR,2024-02,20 Ligações,Baco Exu do Blues,1094343
BR,2024-02,3 Dias Virado,Mc IG,1117433
BR,2024-02,30 Cadeados - Ao Vivo,"Gusttavo Lima, Mari Fernandez",12274687
BR,2024-03,10 Carros,"Chefin, Mainstreet, LB Único",7056494
BR,2024-03,20 Ligações,Baco Exu do Blues,3368911
BR,2024-03,30 Cadeados - Ao Vivo,"Gusttavo Lima, Mari Fernandez",1074569
BR,2024-03,400K,"Mc IG, DJ Jorgin",10078846
BR,2024-03,A Cerveja Abre Sozinha - Ao Vivo,Murilo Huff,15996230
BR,2024-04,10 Carros,"Chefin, Mainstreet, LB Único",6452395
BR,2024-04,16 CARRIAGES,Beyoncé,1138173
BR,2024-04,400K,"Mc IG, DJ Jorgin",7143341
BR,2024-04,A Cerveja Abre Sozinha - Ao Vivo,Murilo Huff,14020905
BR,2024-04,A Gente Se Entrega,NATTAN,4686945
BR,2024-05,10 Carros,"Chefin, Mainstreet, LB Único",7607341
BR,2024-05,400K,"Mc IG, DJ Jorgin",9026341
BR,2024-05,5 Regras - Ao Vivo,Jorge & Mateus,1566591
BR,2024-05,A Casa É Sua,Casa Worship,2240588
BR,2024-05,A Cerveja Abre Sozinha - Ao Vivo,Murilo Huff,14228449
BR,2024-06,10 Carros,"Chefin, Mainstreet, LB Único",2958376
BR,2024-06,400K,"Mc IG, DJ Jorgin",8961703
BR,2024-06,A Cerveja Abre Sozinha - Ao Vivo,Murilo Huff,9905819
BR,2024-06,A Culpa Não É Minha,"Mc Jacaré, MC Kevin o Chris",5131111
BR,2024-06,A Gente Se Entrega,NATTAN,1276617
BR,2024-07,20 Ligações,Baco Exu do Blues,1170882
BR,2024-07,300 no 7,"MC GP, MC Jvila, MC LUUKY, Dj Yuri Pedrada",2450575
BR,2024-07,400K,"Mc IG, DJ Jorgin",8394104
BR,2024-07,A Cerveja Abre Sozinha - Ao Vivo,Murilo Huff,8363566
BR,2024-07,A Culpa Não É Minha,"Mc Jacaré, MC Kevin o Chris",7554537
BR,2024-08,300 no 7,"MC GP, MC Jvila, MC LUUKY, Dj Yuri Pedrada",10820661
BR,2024-08,400K,"Mc IG, DJ Jorgin",10119302
BR,2024-08,A Cerveja Abre Sozinha - Ao Vivo,Murilo Huff,8089924
BR,2024-08,A Culpa Não É Minha,"Mc Jacaré, MC Kevin o Chris",7154860
BR,2024-08,A Internet É Toxica,"Dj Lc, DJ JOAO DA INESTAN, Mc Pretchako, MC Saci, Complexo dos Hits",9673325
BR,2024-09,04AM,Matuê,6935501
BR,2024-09,1993,Matuê,12618780
BR,2024-09,2 Descaradinhos - Ao Vivo,"Léo Santana, Ana Castela",2525376
BR,2024-09,300 no 7,"MC GP, MC Jvila, MC LUUKY, Dj Yuri Pedrada",11653797
BR,2024-09,333,Matuê,9306489
BR,2024-10,04AM,Matuê,1390556
BR,2024-10,1993,Matuê,10831126
BR,2024-10,300 no 7,"MC GP, MC Jvila, MC LUUKY, Dj Yuri Pedrada",20222348
BR,2024-10,333,Matuê,6206712
BR,2024-10,365 Dias (Vida Mansa),"MC Marks, MC Ryan SP, MC Jvila, MC Bruno MS, Mc Magal, Aaron Modesto",18684583
BR,2024-11,1993,Matuê,5853087
BR,2024-11,300 no 7,"MC GP, MC Jvila, MC LUUKY, Dj Yuri Pedrada",18890523
BR,2024-11,365 Dias (Vida Mansa),"MC Marks, MC Ryan SP, MC Jvila, MC Bruno MS, Mc Magal, Aaron Modesto",19528238
BR,2024-11,4 Enganados,Manu,2897863
BR,2024-11,400K,"Mc IG, DJ Jorgin",8095857
BR,2024-12,1993,Matuê,3291097
BR,2024-12,300 no 7,"MC GP, MC Jvila, MC LUUKY, Dj Yuri Pedrada",8466612
BR,2024-12,365 Dias (Vida Mansa),"MC Marks, MC Ryan SP, MC Jvila, MC Bruno MS, Mc Magal, Aaron Modesto",9677017
BR,2024-12,400K,"Mc IG, DJ Jorgin",4554566
BR,2024-12,A Bebê Quer Oque,"MC Cebezinho, DJ Oreia, Menor Richard, Love Funk, MC GP, Mc Don Juan",7643677
DE,2023-06,(It Goes Like) Nanana - Edit,Peggy Gou,563698
DE,2023-06,10:35,"Tiësto, Tate McRae",2058249
DE,2023-06,200 km/h,Apache 207,1010976
DE,2023-06,2020 est.,Dante YN,1287876
DE,2023-06,3 Kugeln,"Alies, Samra",524876
DE,2023-07,(It Goes Like) Nanana - Edit,Peggy Gou,2700735
DE,2023-07,10:35,"Tiësto, Tate McRae",2337817
DE,2023-07,200 km/h,Apache 207,975042
DE,2023-07,5 Sonnen,Olexesh,580065
DE,2023-07,5ive on it,"KALIM, Bawer",3071900
DE,2023-08,(It Goes Like) Nanana - Edit,Peggy Gou,4878070
DE,2023-08,200 km/h,Apache 207,462523
DE,2023-08,50ccm,"Tream, treamiboii",1716150
DE,2023-08,5ive on it,"KALIM, Bawer",3097990
DE,2023-08,61 Grad (Deep House RMX),"Endzone, TM",2935477
DE,2023-09,(It Goes Like) Nanana - Edit,Peggy Gou,4005292
DE,2023-09,100 km/h,Bausa,579159
DE,2023-09,2 KINDER DER STRASSE,"NGEE, Teflon030",519442
DE,2023-09,200 km/h,Apache 207,463378
DE,2023-09,23 Freestyle,HamedLoco,963843
DE,2023-10,(It Goes Like) Nanana - Edit,Peggy Gou,2784743
DE,2023-10,1000 Mal,"Bausa, LEA",4848817
DE,2023-10,14 PASSENGER,reezy,3680969
DE,2023-10,19 Stufen,"SANNA, Samra",754782
DE,2023-10,2 Handys,Gola Gianni,1211881
DE,2023-11,"""Slut!"" (Taylor's Version) (From The Vault)",Taylor Swift,1542044
DE,2023-11,(It Goes Like) Nanana - Edit,Peggy Gou,1633736
DE,2023-11,1000 Mal,"Bausa, LEA",4033648
DE,2023-11,14 PASSENGER,reezy,7874257
DE,2023-11,2 Germans (feat. Gzuz),"Luciano, Gzuz",7921081
DE,2023-12,1000 Mal,"Bausa, LEA",1817296
DE,2023-12,14 PASSENGER,reezy,3599893
DE,2023-12,2 Germans (feat. Gzuz),"Luciano, Gzuz",1832022
DE,2023-12,2003,"Liaze, equal",2418937
DE,2023-12,3 Haselnüsse,"Jaques Raupé, Felix Harrer",6062501
DE,2024-01,(It Goes Like) Nanana - Edit,Peggy Gou,684771
DE,2024-01,1000 Mal,"Bausa, LEA",2144614
DE,2024-01,10:35,"Tiësto, Tate McRae",490453
DE,2024-01,112,Jazeek,5011652
DE,2024-01,14 PASSENGER,reezy,2882586
DE,2024-02,1000 Mal,"Bausa, LEA",1037744
DE,2024-02,112,Jazeek,2630975
DE,2024-02,14 PASSENGER,reezy,2367234
DE,2024-02,2003,"Liaze, equal",2138252
DE,2024-02,3 Haselnüsse,"Jaques Raupé, Felix Harrer",1184752
DE,2024-03,14 PASSENGER,reezy,503958
DE,2024-03,61 Grad (Deep House RMX),"Endzone, TM",1038874
DE,2024-03,7 Mädchen,Paula Hartmann,581862
DE,2024-03,7araga,"Rap La Rue, Aymen",807714
DE,2024-03,9 bis 9,"SIRA, Bausa, badchieff",4247971
DE,2024-04,100 MANN (100K),"KARDO, SHABAB, X WAVE",736164
DE,2024-04,61 Grad (Deep House RMX),"Endzone, TM",1584859
DE,2024-04,7 Mädchen,Paula Hartmann,563278
DE,2024-04,9 bis 9,"SIRA, Bausa, badchieff",3631075
DE,2024-04,A Bar Song (Tipsy),Shaboozey,594491
DE,2024-05,10 SEKUNDEN,"Kianush, YAKARY, PA Sports",1741629
DE,2024-05,3 Worte,"ELEHA, Montez",2340948
DE,2024-05,61 Grad (Deep House RMX),"Endzone, TM",2968106
DE,2024-05,80qm,Nina Chuba,2382077
DE,2024-05,9 bis 9,"SIRA, Bausa, badchieff",4682040
DE,2024-06,1. Mai,Pashanim,743944
DE,2024-06,100 TSD,AK AUSSERKONTROLLE,1897865
DE,2024-06,2000,Pashanim,4844381
DE,2024-06,2001,K.I.Z,656502
DE,2024-06,2007 skit (hk beatz),Pashanim,951244
DE,2024-07,2000,Pashanim,4833773
DE,2024-07,80qm,Nina Chuba,2587352
DE,2024-07,9 bis 9,"SIRA, Bausa, badchieff",3230174
DE,2024-07,A Bar Song (Tipsy),Shaboozey,6404799
DE,2024-07,A General,Amo,601330
DE,2024-08,2000,Pashanim,3560596
DE,2024-08,9 bis 9,"SIRA, Bausa, badchieff",3540660
DE,2024-08,A Bar Song (Tipsy),Shaboozey,6836536
DE,2024-08,A Sky Full of Stars,Coldplay,3006336
DE,2024-08,Abenteuerland,"FiNCH, SDP, Phil The Beat",5264319
DE,2024-09,1994,"RIN, oddworld",1856610
DE,2024-09,2000,Pashanim,2363866
DE,2024-09,229 - Drehbuch der Täuschung - Teil 02,Die drei ???,528820
DE,2024-09,229 - Drehbuch der Täuschung - Teil 03,Die drei ???,553172
DE,2024-09,229 - Drehbuch der Täuschung - Teil 04,Die drei ???,552433
DE,2024-10,1994,"RIN, oddworld",4281086
DE,2024-10,2000,Pashanim,527199
DE,2024-10,40 Tage,Shindy,2367435
DE,2024-10,7 LEERE ZIMMER (feat. Henning May),"Ufo361, Henning May",3830545
DE,2024-10,8HT,LACAZETTE,3082364
DE,2024-11,0 GRAD (feat. Symba),"Ufo361, Symba",1249309
DE,2024-11,070 Shake,"Trettmann, Bonez MC",1916404
DE,2024-11,100 Lieder,Milano,670034
DE,2024-11,1999,Mucco,714527
DE,2024-11,2 hands,Tate McRae,1325495
DE,2024-12,$$,"Lucio101, KALIM",624548
DE,2024-12,070 Shake,"Trettmann, Bonez MC",599081
DE,2024-12,100 Push Ups,THIZZY52,722213
DE,2024-12,A Bar Song (Tipsy),Shaboozey,1706144
DE,2024-12,A Holly Jolly Christmas,Burl Ives,651158
ES,2023-06,01 dE ENEro,"Duki, Lucho SSJ",589783
ES,2023-06,3 Am,"Eladio Carrion, Brytiago",2014829
ES,2023-06,4 PREZ,Cruz Cafuné,452046
ES,2023-06,69,"Nicky Jam, Feid",4213529
ES,2023-06,A 300,"JC Reyes, Pedro Calderon, Blacknife",1357518
ES,2023-07,11 Y ONCE,"Tainy, Sech, E.VAX",531599
ES,2023-07,3 Am,"Eladio Carrion, Brytiago",3349395
ES,2023-07,69,"Nicky Jam, Feid",2598360
ES,2023-07,A 300,"JC Reyes, Pedro Calderon, Blacknife",2910587
ES,2023-07,A Mí,Rels B,430073
ES,2023-08,(It Goes Like) Nanana - Edit,Peggy Gou,369669
ES,2023-08,3 Am,"Eladio Carrion, Brytiago",3842796
ES,2023-08,69,"Nicky Jam, Feid",956585
ES,2023-08,6PM EN MALLORCA,Eladio Carrion,1680435
ES,2023-08,A 300,"JC Reyes, Pedro Calderon, Blacknife",6576944
ES,2023-09,(It Goes Like) Nanana - Edit,Peggy Gou,797380
ES,2023-09,2 Extraños,Aitana,717370
ES,2023-09,24 Rosas,Aitana,721246
ES,2023-09,3 Am,"Eladio Carrion, Brytiago",2904769
ES,2023-09,34 Amor y Mafia,"JC Reyes, Camin",808433
ES,2023-10,1000 veces,"DELLAFUENTE, Beny Jr",418027
ES,2023-10,2 Extraños,Aitana,420154
ES,2023-10,24 Rosas,Aitana,484957
ES,2023-10,3 Am,"Eladio Carrion, Brytiago",2173955
ES,2023-10,30GP,"JC Reyes, π Beats",1848600
ES,2023-11,"""Slut!"" (Taylor's Version) (From The Vault)",Taylor Swift,532765
ES,2023-11,3 Am,"Eladio Carrion, Brytiago",2566797
ES,2023-11,30GP,"JC Reyes, π Beats",1228126
ES,2023-11,34 Amor y Mafia,"JC Reyes, Camin",2039046
ES,2023-11,A 300,"JC Reyes, Pedro Calderon, Blacknife",7202227
ES,2023-12,3 Am,"Eladio Carrion, Brytiago",1887927
ES,2023-12,34 Amor y Mafia,"JC Reyes, Camin",1673942
ES,2023-12,50 PALOS,Feid,739078
ES,2023-12,A 300,"JC Reyes, Pedro Calderon, Blacknife",6289594
ES,2023-12,ALAKRAN,Feid,2471511
ES,2024-01,3 Am,"Eladio Carrion, Brytiago",1886368
ES,2024-01,34 Amor y Mafia,"JC Reyes, Camin",1757923
ES,2024-01,A 300,"JC Reyes, Pedro Calderon, Blacknife",6651019
ES,2024-01,AMARGURA,KAROL G,2563644
ES,2024-01,APA,"Mora, Quevedo",771775
ES,2024-02,3 Am,"Eladio Carrion, Brytiago",2399874
ES,2024-02,34 Amor y Mafia,"JC Reyes, Camin",2440554
ES,2024-02,38,"JC Reyes, Biwan La Pauta, Pedro Calderon",636995
ES,2024-02,A 300,"JC Reyes, Pedro Calderon, Blacknife",8115839
ES,2024-02,AMARGURA,KAROL G,3113768
ES,2024-03,1000COSAS,"Lola Indigo, Manuel Turizo",8686831
ES,2024-03,3 Am,"Eladio Carrion, Brytiago",1838149
ES,2024-03,34 Amor y Mafia,"JC Reyes, Camin",1923960
ES,2024-03,38,"JC Reyes, Biwan La Pauta, Pedro Calderon",3344913
ES,2024-03,A 300,"JC Reyes, Pedro Calderon, Blacknife",5919482
ES,2024-04,1000COSAS,"Lola Indigo, Manuel Turizo",8730223
ES,2024-04,100xCiento,"Foreign Teck, Eladio Carrion, De La Ghetto, Wisin",1080884
ES,2024-04,3 Am,"Eladio Carrion, Brytiago",399781
ES,2024-04,34 Amor y Mafia,"JC Reyes, Camin",836860
ES,2024-04,38,"JC Reyes, Biwan La Pauta, Pedro Calderon",1103045
ES,2024-05,"1 de Enero, Puntacana",Rels B,883987
ES,2024-05,1000COSAS,"Lola Indigo, Manuel Turizo",8970120
ES,2024-05,100xCiento,"Foreign Teck, Eladio Carrion, De La Ghetto, Wisin",2993457
ES,2024-05,3 Am,"Eladio Carrion, Brytiago",995886
ES,2024-05,3 CAÍDAS,SAIKO,3515900
ES,2024-06,0 CONFIANZA,"Rvfv, Morad",4862215
ES,2024-06,1000COSAS,"Lola Indigo, Manuel Turizo",7753128
ES,2024-06,12:15,DELLAFUENTE,454518
ES,2024-06,13 Preguntas,DELLAFUENTE,1104907
ES,2024-06,3 Am,"Eladio Carrion, Brytiago",509227
ES,2024-07,0 CONFIANZA,"Rvfv, Morad",1148227
ES,2024-07,1000COSAS,"Lola Indigo, Manuel Turizo",7589455
ES,2024-07,2xLL,"JC Reyes, YOVNGCHIMI, Slayter",3465707
ES,2024-07,34 Amor y Mafia,"JC Reyes, Camin",453470
ES,2024-07,4TO 23,Aitana,3367073
ES,2024-08,1000COSAS,"Lola Indigo, Manuel Turizo",8627483
ES,2024-08,2xLL,"JC Reyes, YOVNGCHIMI, Slayter",4521339
ES,2024-08,444,"Yan Block, Panda Black",1792544
ES,2024-08,4TO 23,Aitana,2834869
ES,2024-08,A 300,"JC Reyes, Pedro Calderon, Blacknife",2843522
ES,2024-09,1000COSAS,"Lola Indigo, Manuel Turizo",5452991
ES,2024-09,2 K 1 6,"Omar Courtz, Bryant Myers",580715
ES,2024-09,2xLL,"JC Reyes, YOVNGCHIMI, Slayter",2653274
ES,2024-09,3 PECADOS DESPUES…,Milo j,2336075
ES,2024-09,444,"Yan Block, Panda Black",1916432
ES,2024-10,1 ENTERO,JC Reyes,449668
ES,2024-10,1000COSAS,"Lola Indigo, Manuel Turizo",5647413
ES,2024-10,2 K 1 6,"Omar Courtz, Bryant Myers",1811568
ES,2024-10,2PA2,Los Diozes,410185
ES,2024-10,2xLL,"JC Reyes, YOVNGCHIMI, Slayter",2930724
ES,2024-11,+57,"KAROL G, Feid, DFZM, Ovy On The Drums, J Balvin, Maluma, Ryan Castro, Blessd",5013633
ES,2024-11,1000COSAS,"Lola Indigo, Manuel Turizo",3033284
ES,2024-11,14 FEBREROS,"Quevedo, Sin Nombre",2302907
ES,2024-11,2:12 AM,"Rauw Alejandro, LATIN MAFIA",516873
ES,2024-11,2AM,"Sebastian Yatra, Bad Gyal",1382144
ES,2024-12,+57,"KAROL G, Feid, DFZM, Ovy On The Drums, J Balvin, Maluma, Ryan Castro, Blessd",1766759
ES,2024-12,1000COSAS,"Lola Indigo, Manuel Turizo",1349900
ES,2024-12,14 FEBREROS,"Quevedo, Sin Nombre",1849802
ES,2024-12,2AM,"Sebastian Yatra, Bad Gyal",2749914
ES,2024-12,444,"Yan Block, Panda Black",1224545
FR,2023-06,(It Goes Like) Nanana - Edit,Peggy Gou,481710
FR,2023-06,"1,2,3 Soleil","NAZAKEBLACK, Naza, KeBlack",2841746
FR,2023-06,10.03.2023,Werenoi,1462896
FR,2023-06,1ère Sommation,"Liim’s, Gazo",440593
FR,2023-06,2 Be Loved (Am I Ready),Lizzo,842121
FR,2023-07,(It Goes Like) Nanana - Edit,Peggy Gou,1766723
FR,2023-07,"1,2,3 Soleil","NAZAKEBLACK, Naza, KeBlack",4871610
FR,2023-07,10.03.2023,Werenoi,2028018
FR,2023-07,2 Be Loved (Am I Ready),Lizzo,1210527
FR,2023-07,22h22,"YG Pablo, Sofiane Pamart, Josman",1189927
FR,2023-08,(It Goes Like) Nanana - Edit,Peggy Gou,4228272
FR,2023-08,"1,2,3 Soleil","NAZAKEBLACK, Naza, KeBlack",5632538
FR,2023-08,10.03.2023,Werenoi,2308053
FR,2023-08,25 G,Ninho,1643158
FR,2023-08,3 singes,"Werenoi, Ninho",2022281
FR,2023-09,(It Goes Like) Nanana - Edit,Peggy Gou,3254778
FR,2023-09,1 2 3 4,"Zokush, RK",2256339
FR,2023-09,"1,2,3 Soleil","NAZAKEBLACK, Naza, KeBlack",3200315
FR,2023-09,10.03.2023,Werenoi,2412565
FR,2023-09,3 singes,"Werenoi, Ninho",1588050
FR,2023-10,(It Goes Like) Nanana - Edit,Peggy Gou,1851007
FR,2023-10,1 2 3 4,"Zokush, RK",3307851
FR,2023-10,"1,2,3 Soleil","NAZAKEBLACK, Naza, KeBlack",3134509
FR,2023-10,10.03.2023,Werenoi,2654000
FR,2023-10,187 mesures (feat. Ninho),"Leto, Ninho",616404
FR,2023-11,"""Slut!"" (Taylor's Version) (From The Vault)",Taylor Swift,344565
FR,2023-11,1 2 3 4,"Zokush, RK",4979609
FR,2023-11,"1,2,3 Soleil","NAZAKEBLACK, Naza, KeBlack",2086347
FR,2023-11,10.03.2023,Werenoi,2883133
FR,2023-11,187 mesures (feat. Ninho),"Leto, Ninho",339160
FR,2023-12,1 2 3 4,"Zokush, RK",3884880
FR,2023-12,10.03.2023,Werenoi,2236527
FR,2023-12,100K,Gazo,6253527
FR,2023-12,200K,Tiakola,3470603
FR,2023-12,24,La Fève,632579
FR,2024-01,*,PLK,453040
FR,2024-01,1 2 3 4,"Zokush, RK",3489647
FR,2024-01,10.03.2023,Werenoi,2259880
FR,2024-01,100K,Gazo,2741519
FR,2024-01,2006 - Opps qui court,Kerchak,784527
FR,2024-02,1 2 3 4,"Zokush, RK",3259601
FR,2024-02,10.03.2023,Werenoi,3514526
FR,2024-02,100K,Gazo,2041862
FR,2024-02,16.02.2024,Werenoi,5286160
FR,2024-02,1€ / 1Eu,PLK,468708
FR,2024-03,#BÂTIMENT1,Tiakola,527596
FR,2024-03,1 2 3 4,"Zokush, RK",2438137
FR,2024-03,10.03.2023,Werenoi,2653143
FR,2024-03,16.02.2024,Werenoi,3110058
FR,2024-03,2009',Tiakola,510677
FR,2024-04,1 2 3 4,"Zokush, RK",2456406
FR,2024-04,10.03.2023,Werenoi,2582935
FR,2024-04,16.02.2024,Werenoi,2067556
FR,2024-04,4MOTION,"Maes, PLK",3128800
FR,2024-04,AKRAPO 7,UZI,1632927
FR,2024-05,1 2 3 4,"Zokush, RK",2807256
FR,2024-05,10.03.2023,Werenoi,2629834
FR,2024-05,16.02.2024,Werenoi,840453
FR,2024-05,4MOTION,"Maes, PLK",3272196
FR,2024-05,AMBER,Zola,850226
FR,2024-06,1 2 3 4,"Zokush, RK",2031445
FR,2024-06,16.02.2024,Werenoi,843568
FR,2024-06,42,Aya Nakamura,865434
FR,2024-06,4MOTION,"Maes, PLK",509995
FR,2024-06,50G,"UZI, JKSN",618968
FR,2024-07,1 2 3 4,"Zokush, RK",1804775
FR,2024-07,16.02.2024,Werenoi,424209
FR,2024-07,42,Aya Nakamura,2935387
FR,2024-07,4MOTION,"Maes, PLK",500733
FR,2024-07,50G,"UZI, JKSN",2571837
FR,2024-08,42,Aya Nakamura,4389716
FR,2024-08,50G,"UZI, JKSN",2357694
FR,2024-08,A Bar Song (Tipsy),Shaboozey,3490441
FR,2024-08,A Sky Full of Stars,Coldplay,2080142
FR,2024-08,Adieu,Jérémy Frerot,2891945
FR,2024-09,'Ndrangheta,"Niaks, Maes",732617
FR,2024-09,10',Laylow,888060
FR,2024-09,10.03.2023,Werenoi,424362
FR,2024-09,1h55,"Tiakola, Rsko, Hamza",1660763
FR,2024-09,42,Aya Nakamura,2982211
FR,2024-10,'Ndrangheta,"Niaks, Maes",565866
FR,2024-10,10.03.2023,Werenoi,437897
FR,2024-10,1h55,"Tiakola, Rsko, Hamza",4230282
FR,2024-10,4 Kampé,Joé Dwèt Filé,1274733
FR,2024-10,42,Aya Nakamura,2445737
FR,2024-11,1 Minute,"Lynda, Imen Es",801200
FR,2024-11,10.03.2023,Werenoi,444217
FR,2024-11,1h55,"Tiakola, Rsko, Hamza",942068
FR,2024-11,24h plus tôt,Damso,1899576
FR,2024-11,300,"La Fouine, RK",644321
FR,2024-12,02:00,"SCH, Damso",2106266
FR,2024-12,1 Minute,"Lynda, Imen Es",1078254
FR,2024-12,300,"La Fouine, RK",1207786
FR,2024-12,4 Kampé,Joé Dwèt Filé,3143102
FR,2024-12,50G,"UZI, JKSN",985970
GB,2023-06,(It Goes Like) Nanana - Edit,Peggy Gou,3069243
GB,2023-06,0800 HEAVEN,"Nathan Dawe, Joel Corry, Ella Henderson",2639887
GB,2023-06,10:35,"Tiësto, Tate McRae",530296
GB,2023-06,2 Be Loved (Am I Ready),Lizzo,1541391
GB,2023-06,505,Arctic Monkeys,2980431
GB,2023-07,(It Goes Like) Nanana - Edit,Peggy Gou,7190267
GB,2023-07,0800 HEAVEN,"Nathan Dawe, Joel Corry, Ella Henderson",4067803
GB,2023-07,2 Be Loved (Am I Ready),Lizzo,1914025
GB,2023-07,505,Arctic Monkeys,3218426
GB,2023-07,About Damn Time,Lizzo,467446
GB,2023-08,(It Goes Like) Nanana - Edit,Peggy Gou,9927880
GB,2023-08,0800 HEAVEN,"Nathan Dawe, Joel Corry, Ella Henderson",5123412
GB,2023-08,2 Be Loved (Am I Ready),Lizzo,479928
GB,2023-08,505,Arctic Monkeys,3363407
GB,2023-08,Afraid To Feel,LF SYSTEM,3106985
GB,2023-09,(It Goes Like) Nanana - Edit,Peggy Gou,7002977
GB,2023-09,0800 HEAVEN,"Nathan Dawe, Joel Corry, Ella Henderson",2920782
GB,2023-09,505,Arctic Monkeys,2686585
GB,2023-09,A N X I E T Y (feat. Doechii),"Sleepy Hallow, Doechii",534730
GB,2023-09,AMEN,"Tion Wayne, Nines",507111
GB,2023-10,(It Goes Like) Nanana - Edit,Peggy Gou,4610469
GB,2023-10,0800 HEAVEN,"Nathan Dawe, Joel Corry, Ella Henderson",1534701
GB,2023-10,3D (feat. Jack Harlow),"Jung Kook, Jack Harlow",2477617
GB,2023-10,505,Arctic Monkeys,2750677
GB,2023-10,7969 Santa,Drake,1085352
GB,2023-11,"""Slut!"" (Taylor's Version) (From The Vault)",Taylor Swift,5675578
GB,2023-11,#skeptacore pt.3,"Ryder, Skepta",514089
GB,2023-11,(It Goes Like) Nanana - Edit,Peggy Gou,4280634
GB,2023-11,3D (feat. Jack Harlow),"Jung Kook, Jack Harlow",479227
GB,2023-11,500lbs,Lil Tecca,496148
GB,2023-12,(It Goes Like) Nanana - Edit,Peggy Gou,2852926
GB,2023-12,2000 Miles - 2007 Remaster,Pretenders,5638335
GB,2023-12,505,Arctic Monkeys,2641544
GB,2023-12,8 Days of Christmas,Destiny's Child,838608
GB,2023-12,A Holly Jolly Christmas,Burl Ives,6346595
GB,2024-01,(It Goes Like) Nanana - Edit,Peggy Gou,3001055
GB,2024-01,500lbs,Lil Tecca,2086208
GB,2024-01,505,Arctic Monkeys,2667905
GB,2024-01,Agora Hills,Doja Cat,3014622
GB,2024-01,Ain't No Mountain High Enough,"Marvin Gaye, Tammi Terrell",3658779
GB,2024-02,(It Goes Like) Nanana - Edit,Peggy Gou,3162130
GB,2024-02,500lbs,Lil Tecca,2823881
GB,2024-02,505,Arctic Monkeys,3344921
GB,2024-02,Abracadabra (Feat. Craig David),"Wes Nelson, Craig David",1258199
GB,2024-02,Agora Hills,Doja Cat,2414921
GB,2024-03,(It Goes Like) Nanana - Edit,Peggy Gou,2248585
GB,2024-03,505,Arctic Monkeys,2746953
GB,2024-03,Agora Hills,Doja Cat,546226
GB,2024-03,Ain't No Mountain High Enough,"Marvin Gaye, Tammi Terrell",2245445
GB,2024-03,Ain't No Sunshine,Bill Withers,2726763
GB,2024-04,16 CARRIAGES,Beyoncé,1082258
GB,2024-04,505,Arctic Monkeys,2983305
GB,2024-04,7 Minute Drill,J. Cole,708070
GB,2024-04,A Bar Song (Tipsy),Shaboozey,2537894
GB,2024-04,ALLIIGATOR TEARS,Beyoncé,794828
GB,2024-05,360,Charli xcx,1656352
GB,2024-05,505,Arctic Monkeys,3992982
GB,2024-05,A Bar Song (Tipsy),Shaboozey,19567211
GB,2024-05,A Sky Full of Stars,Coldplay,1265518
GB,2024-05,Addicted,"Zerb, The Chainsmokers, Ink",2004634
GB,2024-06,...Ready For It?,Taylor Swift,1804157
GB,2024-06,360,Charli xcx,3996401
GB,2024-06,505,Arctic Monkeys,2848183
GB,2024-06,6 In the Morning (feat. Nate Dogg),"Flex (UK), Nate Dogg",3370270
GB,2024-06,A Bar Song (Tipsy),Shaboozey,14279685
GB,2024-07,(Sittin' On) the Dock of the Bay,Otis Redding,2170188
GB,2024-07,360,Charli xcx,5114322
GB,2024-07,365,Charli xcx,1260983
GB,2024-07,505,Arctic Monkeys,2774882
GB,2024-07,6 In the Morning (feat. Nate Dogg),"Flex (UK), Nate Dogg",1235410
GB,2024-08,(Sittin' On) the Dock of the Bay,Otis Redding,902509
GB,2024-08,360,Charli xcx,7288598
GB,2024-08,365,Charli xcx,3604396
GB,2024-08,505,Arctic Monkeys,3352018
GB,2024-08,9 to 5,Dolly Parton,1183016
GB,2024-09,360,Charli xcx,3639958
GB,2024-09,365,Charli xcx,541548
GB,2024-09,505,Arctic Monkeys,2868191
GB,2024-09,9 to 5,Dolly Parton,529633
GB,2024-09,A Bar Song (Tipsy),Shaboozey,7697855
GB,2024-10,18,One Direction,553911
GB,2024-10,360,Charli xcx,2582086
GB,2024-10,365 featuring shygirl,"Charli xcx, Shygirl",610686
GB,2024-10,505,Arctic Monkeys,3909314
GB,2024-10,A Bar Song (Tipsy),Shaboozey,8565591
GB,2024-11,(Sittin' On) the Dock of the Bay,Otis Redding,3080059
GB,2024-11,2 hands,Tate McRae,2200351
GB,2024-11,505,Arctic Monkeys,3370630
GB,2024-11,A Bar Song (Tipsy),Shaboozey,5771022
GB,2024-11,APT.,"ROSÉ, Bruno Mars",8317377
GB,2024-12,2 hands,Tate McRae,747896
GB,2024-12,2000 Miles - 2007 Remaster,Pretenders,1644724
GB,2024-12,360,Charli xcx,1301329
GB,2024-12,505,Arctic Monkeys,1626183
GB,2024-12,A Bar Song (Tipsy),Shaboozey,2775519
IN,2023-06,0 to 100,"Sidhu Moose Wala, Mxrci",1107565
IN,2023-06,295,Sidhu Moose Wala,8781064
IN,2023-06,Aankhon Se Batana,Dikshant,1090022
IN,2023-06,"Adiye - From ""Bachelor""","Dhibu Ninan Thomas, Kapil Kapilan",2254906
IN,2023-06,Ae Dil Hai Mushkil Title Track,"Pritam, Arijit Singh",3630029
IN,2023-07,295,Sidhu Moose Wala,8997438
IN,2023-07,9:45,"Prabh Singh, Jay Trak, Rooh Sandhu",5869453
IN,2023-07,Aam Jahe Munde,"Parmish Verma, PARDHAAN, Desi Crew",2612316
IN,2023-07,Aankhon Se Batana,Dikshant,3214485
IN,2023-07,"Adiye - From ""Bachelor""","Dhibu Ninan Thomas, Kapil Kapilan",4533220
IN,2023-08,295,Sidhu Moose Wala,10395887
IN,2023-08,9:45,"Prabh Singh, Jay Trak, Rooh Sandhu",20896767
IN,2023-08,Aam Jahe Munde,"Parmish Verma, PARDHAAN, Desi Crew",9719049
IN,2023-08,"Adiye - From ""Bachelor""","Dhibu Ninan Thomas, Kapil Kapilan",4447369
IN,2023-08,Admirin' You (feat. Preston Pablo),"Karan Aujla, Ikky, Preston Pablo",11454542
IN,2023-09,295,Sidhu Moose Wala,6705562
IN,2023-09,9:45,"Prabh Singh, Jay Trak, Rooh Sandhu",16351463
IN,2023-09,Aam Jahe Munde,"Parmish Verma, PARDHAAN, Desi Crew",9188327
IN,2023-09,"Adiye - From ""Bachelor""","Dhibu Ninan Thomas, Kapil Kapilan",3325463
IN,2023-09,Admirin' You (feat. Preston Pablo),"Karan Aujla, Ikky, Preston Pablo",10719916
IN,2023-10,295,Sidhu Moose Wala,6717563
IN,2023-10,3D (feat. Jack Harlow),"Jung Kook, Jack Harlow",6104477
IN,2023-10,9:45,"Prabh Singh, Jay Trak, Rooh Sandhu",12704679
IN,2023-10,Aam Jahe Munde,"Parmish Verma, PARDHAAN, Desi Crew",7527855
IN,2023-10,Admirin' You (feat. Preston Pablo),"Karan Aujla, Ikky, Preston Pablo",10297270
IN,2023-11,295,Sidhu Moose Wala,8226255
IN,2023-11,3D (feat. Jack Harlow),"Jung Kook, Jack Harlow",1130114
IN,2023-11,9:45,"Prabh Singh, Jay Trak, Rooh Sandhu",14381179
IN,2023-11,Aam Jahe Munde,"Parmish Verma, PARDHAAN, Desi Crew",7510189
IN,2023-11,Admirin' You (feat. Preston Pablo),"Karan Aujla, Ikky, Preston Pablo",9758949
IN,2023-12,295,Sidhu Moose Wala,6455539
IN,2023-12,8 ASLE,"Sukha, Chani Nattan, Prodgk, Gurlez Akhtar",990026
IN,2023-12,9:45,"Prabh Singh, Jay Trak, Rooh Sandhu",11783048
IN,2023-12,Aam Jahe Munde,"Parmish Verma, PARDHAAN, Desi Crew",5230606
IN,2023-12,"Abrar’s Entry | Jamal Kudu (From ""ANIMAL"")","Harshavardhan Rameshwar, Choir",16340254
IN,2024-01,100 Million,"DIVINE, Karan Aujla",1311539
IN,2024-01,295,Sidhu Moose Wala,6032160
IN,2024-01,8 ASLE,"Sukha, Chani Nattan, Prodgk, Gurlez Akhtar",4849215
IN,2024-01,9:45,"Prabh Singh, Jay Trak, Rooh Sandhu",11419802
IN,2024-01,Aa,"Roach Killa, Arif Lohar, Deep Jandu",984957
IN,2024-02,100 Million,"DIVINE, Karan Aujla",2197682
IN,2024-02,295,Sidhu Moose Wala,7060255
IN,2024-02,8 ASLE,"Sukha, Chani Nattan, Prodgk, Gurlez Akhtar",8408421
IN,2024-02,9:45,"Prabh Singh, Jay Trak, Rooh Sandhu",13770562
IN,2024-02,Aa,"Roach Killa, Arif Lohar, Deep Jandu",6874363
IN,2024-03,295,Sidhu Moose Wala,5841339
IN,2024-03,8 ASLE,"Sukha, Chani Nattan, Prodgk, Gurlez Akhtar",6145802
IN,2024-03,9:45,"Prabh Singh, Jay Trak, Rooh Sandhu",10170999
IN,2024-03,Aa,"Roach Killa, Arif Lohar, Deep Jandu",1134269
IN,2024-03,Aam Jahe Munde,"Parmish Verma, PARDHAAN, Desi Crew",8974845
IN,2024-04,295,Sidhu Moose Wala,5395140
IN,2024-04,410,"Sidhu Moose Wala, Sunny Malton, Offgrid",4911138
IN,2024-04,8 ASLE,"Sukha, Chani Nattan, Prodgk, Gurlez Akhtar",5360992
IN,2024-04,9:45,"Prabh Singh, Jay Trak, Rooh Sandhu",9685608
IN,2024-04,Aam Jahe Munde,"Parmish Verma, PARDHAAN, Desi Crew",8738093
IN,2024-05,295,Sidhu Moose Wala,6720753
IN,2024-05,410,"Sidhu Moose Wala, Sunny Malton, Offgrid",7774672
IN,2024-05,8 ASLE,"Sukha, Chani Nattan, Prodgk, Gurlez Akhtar",6012953
IN,2024-05,9:45,"Prabh Singh, Jay Trak, Rooh Sandhu",11109626
IN,2024-05,Aam Jahe Munde,"Parmish Verma, PARDHAAN, Desi Crew",9716036
IN,2024-06,295,Sidhu Moose Wala,6250989
IN,2024-06,410,"Sidhu Moose Wala, Sunny Malton, Offgrid",4564231
IN,2024-06,8 ASLE,"Sukha, Chani Nattan, Prodgk, Gurlez Akhtar",3344843
IN,2024-06,9:45,"Prabh Singh, Jay Trak, Rooh Sandhu",7790038
IN,2024-06,Aam Jahe Munde,"Parmish Verma, PARDHAAN, Desi Crew",6865687
IN,2024-07,295,Sidhu Moose Wala,5275963
IN,2024-07,9:45,"Prabh Singh, Jay Trak, Rooh Sandhu",7085326
IN,2024-07,ANTIDOTE,Karan Aujla,7933903
IN,2024-07,Aam Jahe Munde,"Parmish Verma, PARDHAAN, Desi Crew",6278724
IN,2024-07,Aaoge Tum Kabhi,The Local Train,4917968
IN,2024-08,295,Sidhu Moose Wala,6274867
IN,2024-08,9:45,"Prabh Singh, Jay Trak, Rooh Sandhu",8673115
IN,2024-08,ANTIDOTE,Karan Aujla,9891550
IN,2024-08,"Aaj Ki Raat (From ""Stree 2"")","Sachin-Jigar, Amitabh Bhattacharya, Madhubanti Bagchi, Divya Kumar",25916145
IN,2024-08,Aam Jahe Munde,"Parmish Verma, PARDHAAN, Desi Crew",6927043
IN,2024-09,295,Sidhu Moose Wala,4950753
IN,2024-09,52 Bars,"Karan Aujla, Ikky",1161039
IN,2024-09,9:45,"Prabh Singh, Jay Trak, Rooh Sandhu",6536683
IN,2024-09,ANTIDOTE,Karan Aujla,6296958
IN,2024-09,"Aaj Ki Raat (From ""Stree 2"")","Sachin-Jigar, Amitabh Bhattacharya, Madhubanti Bagchi, Divya Kumar",32111709
IN,2024-10,295,Sidhu Moose Wala,6093903
IN,2024-10,315 (feat. Shinda Kahlon & Jazzy B),"AP Dhillon, Shinda Kahlon, Jazzy B",2283177
IN,2024-10,52 Bars,"Karan Aujla, Ikky",6491325
IN,2024-10,9:45,"Prabh Singh, Jay Trak, Rooh Sandhu",8336298
IN,2024-10,ANTIDOTE,Karan Aujla,6617444
IN,2024-11,295,Sidhu Moose Wala,2379237
IN,2024-11,52 Bars,"Karan Aujla, Ikky",5157764
IN,2024-11,9:45,"Prabh Singh, Jay Trak, Rooh Sandhu",6084326
IN,2024-11,ANTIDOTE,Karan Aujla,4921228
IN,2024-11,APT.,"ROSÉ, Bruno Mars",10386479
IN,2024-12,52 Bars,"Karan Aujla, Ikky",1195537
IN,2024-12,9:45,"Prabh Singh, Jay Trak, Rooh Sandhu",1428880
IN,2024-12,ANTIDOTE,Karan Aujla,1237557
IN,2024-12,APT.,"ROSÉ, Bruno Mars",3051478
IN,2024-12,Aaj Bhi 2,Vishal Mishra,1260353
JP,2023-06,115万キロのフィルム,OFFICIAL HIGE DANDISM,2566125
JP,2023-06,ANTIFRAGILE,LE SSERAFIM,1942471
JP,2023-06,After LIKE,IVE,1198121
JP,2023-06,"Angel Pt. 1 (feat. Jimin of BTS, JVKE & Muni Long)","Kodak Black, NLE Choppa, Jimin, JVKE, Muni Long, Fast & Furious: The Fast Saga",1051327
JP,2023-06,"Angel Pt. 2 (feat. Jimin of BTS, Charlie Puth and Muni Long)","JVKE, Jimin, Charlie Puth, Muni Long, Fast & Furious: The Fast Saga",711042
JP,2023-07,115万キロのフィルム,OFFICIAL HIGE DANDISM,3323072
JP,2023-07,ANTENNA,Mrs. GREEN APPLE,302278
JP,2023-07,ANTIFRAGILE,LE SSERAFIM,1796180
JP,2023-07,ASAP,NewJeans,567237
JP,2023-07,After LIKE,IVE,1548327
JP,2023-08,115万キロのフィルム,OFFICIAL HIGE DANDISM,3950584
JP,2023-08,ANTIFRAGILE,LE SSERAFIM,1950257
JP,2023-08,ASAP,NewJeans,1410667
JP,2023-08,After LIKE,IVE,1633776
JP,2023-08,Attention,NewJeans,1644837
JP,2023-09,115万キロのフィルム,OFFICIAL HIGE DANDISM,3153725
JP,2023-09,ANTENNA,Mrs. GREEN APPLE,617816
JP,2023-09,ANTIFRAGILE,LE SSERAFIM,1532217
JP,2023-09,After LIKE,IVE,1220720
JP,2023-09,Attention,NewJeans,1156891
JP,2023-10,01,QUEEN BEE,669744
JP,2023-10,115万キロのフィルム,OFFICIAL HIGE DANDISM,2467691
JP,2023-10,3D (Alternate Ver.),Jung Kook,296149
JP,2023-10,3D (feat. Jack Harlow),"Jung Kook, Jack Harlow",5236911
JP,2023-10,ANTENNA,Mrs. GREEN APPLE,1968734
JP,2023-11,01,QUEEN BEE,966752
JP,2023-11,115万キロのフィルム,OFFICIAL HIGE DANDISM,2596394
JP,2023-11,3D (feat. Jack Harlow),"Jung Kook, Jack Harlow",5585451
JP,2023-11,ANTENNA,Mrs. GREEN APPLE,2254980
JP,2023-11,ANTIFRAGILE,LE SSERAFIM,2107308
JP,2023-12,&ME,NALALA,3278149
JP,2023-12,):阿修羅:(,King Gnu,2323854
JP,2023-12,115万キロのフィルム,OFFICIAL HIGE DANDISM,2277044
JP,2023-12,3D (feat. Jack Harlow),"Jung Kook, Jack Harlow",3411574
JP,2023-12,ANTENNA,Mrs. GREEN APPLE,1794469
JP,2024-01,&ME,NALALA,2543376
JP,2024-01,):阿修羅:(,King Gnu,1388427
JP,2024-01,115万キロのフィルム,OFFICIAL HIGE DANDISM,2113341
JP,2024-01,3D (feat. Jack Harlow),"Jung Kook, Jack Harlow",2117562
JP,2024-01,ANTENNA,Mrs. GREEN APPLE,2125603
JP,2024-02,&ME,NALALA,1764832
JP,2024-02,):阿修羅:(,King Gnu,678986
JP,2024-02,115万キロのフィルム,OFFICIAL HIGE DANDISM,2392337
JP,2024-02,3D (feat. Jack Harlow),"Jung Kook, Jack Harlow",2300982
JP,2024-02,ANTENNA,Mrs. GREEN APPLE,2680635
JP,2024-03,&ME,NALALA,706070
JP,2024-03,115万キロのフィルム,OFFICIAL HIGE DANDISM,1764425
JP,2024-03,3D (feat. Jack Harlow),"Jung Kook, Jack Harlow",1686221
JP,2024-03,3月9日,Remioromen,1733228
JP,2024-03,ANTENNA,Mrs. GREEN APPLE,1885926
JP,2024-04,&ME,NALALA,316912
JP,2024-04,115万キロのフィルム,OFFICIAL HIGE DANDISM,1634382
JP,2024-04,3D (feat. Jack Harlow),"Jung Kook, Jack Harlow",1692285
JP,2024-04,3月9日,Remioromen,320976
JP,2024-04,ANTENNA,Mrs. GREEN APPLE,1819727
JP,2024-05,115万キロのフィルム,OFFICIAL HIGE DANDISM,2049712
JP,2024-05,3D (feat. Jack Harlow),"Jung Kook, Jack Harlow",1879020
JP,2024-05,ANTENNA,Mrs. GREEN APPLE,2308543
JP,2024-05,ANTIFRAGILE,LE SSERAFIM,1842969
JP,2024-05,Accendio,IVE,718380
JP,2024-06,115万キロのフィルム,OFFICIAL HIGE DANDISM,1622204
JP,2024-06,3D (feat. Jack Harlow),"Jung Kook, Jack Harlow",722464
JP,2024-06,ABCD,NAYEON,1482625
JP,2024-06,ANTENNA,Mrs. GREEN APPLE,1959018
JP,2024-06,ANTIFRAGILE,LE SSERAFIM,1048413
JP,2024-07,115万キロのフィルム,OFFICIAL HIGE DANDISM,1618331
JP,2024-07,ABCD,NAYEON,2976931
JP,2024-07,ANTENNA,Mrs. GREEN APPLE,1997219
JP,2024-07,Any angle,noa,352318
JP,2024-07,Armageddon,aespa,1479456
JP,2024-08,115万キロのフィルム,OFFICIAL HIGE DANDISM,1959048
JP,2024-08,ABCD,NAYEON,2106487
JP,2024-08,ANTENNA,Mrs. GREEN APPLE,2300977
JP,2024-08,Ai To U,Mega Shinnosuke,349059
JP,2024-08,Armageddon,aespa,346838
JP,2024-09,115万キロのフィルム,OFFICIAL HIGE DANDISM,1590227
JP,2024-09,ABCD,NAYEON,654953
JP,2024-09,ABCDC,indigo la End,329718
JP,2024-09,ANTENNA,Mrs. GREEN APPLE,1711686
JP,2024-09,Ai To U,Mega Shinnosuke,2071133
JP,2024-10,115万キロのフィルム,OFFICIAL HIGE DANDISM,2167026
JP,2024-10,ANTENNA,Mrs. GREEN APPLE,2196054
JP,2024-10,APT.,"ROSÉ, Bruno Mars",3886657
JP,2024-10,Ai To U,Mega Shinnosuke,4378959
JP,2024-10,BIRDS OF A FEATHER,Billie Eilish,1424628
JP,2024-11,115万キロのフィルム,OFFICIAL HIGE DANDISM,1801960
JP,2024-11,ANTENNA,Mrs. GREEN APPLE,1625057
JP,2024-11,APT.,"ROSÉ, Bruno Mars",10559562
JP,2024-11,Ai To U,Mega Shinnosuke,3172959
JP,2024-11,All I Want for Christmas Is You,Mariah Carey,928081
JP,2024-12,115万キロのフィルム,OFFICIAL HIGE DANDISM,799527
JP,2024-12,ANTENNA,Mrs. GREEN APPLE,808112
JP,2024-12,APT.,"ROSÉ, Bruno Mars",5510662
JP,2024-12,Ai To U,Mega Shinnosuke,933684
JP,2024-12,All I Want for Christmas Is You,Mariah Carey,1437563
KR,2023-06,#menow,fromis_9,59480
KR,2023-06,"10,000 Hours (with Justin Bieber)","Dan + Shay, Justin Bieber",103352
KR,2023-06,120BPM,KyoungSeo,25983
KR,2023-06,24K Magic,Bruno Mars,32949
KR,2023-06,A Psalm of Life,Lim Young Woong,157327
KR,2023-07,"10,000 Hours (with Justin Bieber)","Dan + Shay, Justin Bieber",58984
KR,2023-07,990 (Feat. Kim Ximya),"Beenzino, Kim Ximya",201457
KR,2023-07,A Psalm of Life,Lim Young Woong,215776
KR,2023-07,A Yo (Feat. Beenzino),"E SENS, Beenzino",49636
KR,2023-07,A bientot,Lim Young Woong,258968
KR,2023-08,A Psalm of Life,Lim Young Woong,262491
KR,2023-08,A bientot,Lim Young Woong,310196
KR,2023-08,AEAO,"Dynamicduo, DJ Premier",192454
KR,2023-08,AMYGDALA,Agust D,92455
KR,2023-08,ANTIFRAGILE,LE SSERAFIM,246474
KR,2023-09,200%,AKMU,80058
KR,2023-09,A Psalm of Life,Lim Young Woong,234557
KR,2023-09,A bientot,Lim Young Woong,271676
KR,2023-09,AEAO,"Dynamicduo, DJ Premier",170031
KR,2023-09,AMYGDALA,Agust D,55798
KR,2023-10,200%,AKMU,86190
KR,2023-10,3D (Alternate Ver.),Jung Kook,441044
KR,2023-10,3D (feat. Jack Harlow),"Jung Kook, Jack Harlow",2052929
KR,2023-10,3D (feat. Jack Harlow) (A. G. Cook Remix),"Jung Kook, Jack Harlow, A. G. Cook",30770
KR,2023-10,3D (feat. Jack Harlow) (Instrumental),"Jung Kook, Jack Harlow",242010
KR,2023-11,"""Slut!"" (Taylor's Version) (From The Vault)",Taylor Swift,44050
KR,2023-11,"24/7, 365",elijah woods,118607
KR,2023-11,3D (Alternate Ver.),Jung Kook,78653
KR,2023-11,3D (Justin Timberlake Remix),"Jung Kook, Justin Timberlake",97734
KR,2023-11,3D (feat. Jack Harlow),"Jung Kook, Jack Harlow",1911523
KR,2023-12,3D (Justin Timberlake Remix),"Jung Kook, Justin Timberlake",268922
KR,2023-12,3D (feat. Jack Harlow),"Jung Kook, Jack Harlow",1493374
KR,2023-12,A Letter,BUMJIN,213701
KR,2023-12,A Psalm of Life,Lim Young Woong,421210
KR,2023-12,A bientot,Lim Young Woong,509391
KR,2024-01,3D (Justin Timberlake Remix),"Jung Kook, Justin Timberlake",183615
KR,2024-01,3D (feat. Jack Harlow),"Jung Kook, Jack Harlow",1296970
KR,2024-01,A Letter,BUMJIN,194875
KR,2024-01,A Psalm of Life,Lim Young Woong,323058
KR,2024-01,A bientot,Lim Young Woong,395916
KR,2024-02,3D (feat. Jack Harlow),"Jung Kook, Jack Harlow",1440641
KR,2024-02,A Letter,BUMJIN,204730
KR,2024-02,A Psalm of Life,Lim Young Woong,345612
KR,2024-02,A bientot,Lim Young Woong,426394
KR,2024-02,AK47,"Men's Tear, 뷰티풀너드",32278
KR,2024-03,"24/7, 365",elijah woods,28631
KR,2024-03,3D (feat. Jack Harlow),"Jung Kook, Jack Harlow",1122478
KR,2024-03,A Letter,BUMJIN,144972
KR,2024-03,A Psalm of Life,Lim Young Woong,247829
KR,2024-03,A bientot,Lim Young Woong,303244
KR,2024-04,3D (feat. Jack Harlow),"Jung Kook, Jack Harlow",1171940
KR,2024-04,A Letter,BUMJIN,143721
KR,2024-04,A Psalm of Life,Lim Young Woong,234981
KR,2024-04,A bientot,Lim Young Woong,286811
KR,2024-04,AK47,"Men's Tear, 뷰티풀너드",187771
KR,2024-05,200,MARK,30202
KR,2024-05,24YB (Intro),YANGHONGWON,90935
KR,2024-05,360,Charli xcx,28666
KR,2024-05,3D (feat. Jack Harlow),"Jung Kook, Jack Harlow",1343903
KR,2024-05,9 Days,RIIZE,65896
KR,2024-06,24YB (Intro),YANGHONGWON,43536
KR,2024-06,360,Charli xcx,110063
KR,2024-06,3D (feat. Jack Harlow),"Jung Kook, Jack Harlow",899819
KR,2024-06,A Letter,BUMJIN,97252
KR,2024-06,A Psalm of Life,Lim Young Woong,261351
KR,2024-07,360,Charli xcx,156914
KR,2024-07,3D (feat. Jack Harlow),"Jung Kook, Jack Harlow",923724
KR,2024-07,A Letter,BUMJIN,60898
KR,2024-07,A Psalm of Life,Lim Young Woong,279053
KR,2024-07,A bientot,Lim Young Woong,320535
KR,2024-08,360,Charli xcx,211460
KR,2024-08,3D (feat. Jack Harlow),"Jung Kook, Jack Harlow",1171154
KR,2024-08,530,"¥$, Kanye West, Ty Dolla $ign",73318
KR,2024-08,A Psalm of Life,Lim Young Woong,290640
KR,2024-08,A bientot,Lim Young Woong,331316
KR,2024-09,1-800-hot-n-fun,LE SSERAFIM,266924
KR,2024-09,20,BOYNEXTDOOR,36450
KR,2024-09,360,Charli xcx,35465
KR,2024-09,3D (feat. Jack Harlow),"Jung Kook, Jack Harlow",835857
KR,2024-09,A Psalm of Life,Lim Young Woong,215218
KR,2024-10,1 TO 13,SEVENTEEN,44630
KR,2024-10,1-800-hot-n-fun,LE SSERAFIM,234489
KR,2024-10,3D (feat. Jack Harlow),"Jung Kook, Jack Harlow",1008500
KR,2024-10,A Letter,BUMJIN,252504
KR,2024-10,A Psalm of Life,Lim Young Woong,240203
KR,2024-11,3D (feat. Jack Harlow),"Jung Kook, Jack Harlow",873032
KR,2024-11,A Letter,BUMJIN,280398
KR,2024-11,A Psalm of Life,Lim Young Woong,203809
KR,2024-11,A bientot,Lim Young Woong,226266
KR,2024-11,APT.,"ROSÉ, Bruno Mars",2326008
KR,2024-12,3D (feat. Jack Harlow),"Jung Kook, Jack Harlow",408868
KR,2024-12,3am,ROSÉ,149252
KR,2024-12,A Letter,BUMJIN,148564
KR,2024-12,A Psalm of Life,Lim Young Woong,98374
KR,2024-12,A bientot,Lim Young Woong,110460
MX,2023-06,3 Doritos Despues (En Vivo),"Oscar Maydon, Panter Bélico",4672222
MX,2023-06,69,"Nicky Jam, Feid",1218835
MX,2023-06,77,"Peso Pluma, Eladio Carrion",6140722
MX,2023-06,911 - En Vivo,"Fuerza Regida, Grupo Frontera",4581891
MX,2023-06,A La Antigüita,Calibre 50,3564276
MX,2023-07,3 Doritos Despues (En Vivo),"Oscar Maydon, Panter Bélico",3840908
MX,2023-07,77,"Peso Pluma, Eladio Carrion",5974503
MX,2023-07,911 - En Vivo,"Fuerza Regida, Grupo Frontera",5457518
MX,2023-07,A Mí,Rels B,6312843
MX,2023-07,AFS,Natanael Cano,2837554
MX,2023-08,3 Doritos Despues (En Vivo),"Oscar Maydon, Panter Bélico",6760547
MX,2023-08,77,"Peso Pluma, Eladio Carrion",1169598
MX,2023-08,911 - En Vivo,"Fuerza Regida, Grupo Frontera",6252601
MX,2023-08,A Mí,Rels B,7713876
MX,2023-08,AMARGURA,KAROL G,13649689
MX,2023-09,3 Doritos Despues (En Vivo),"Oscar Maydon, Panter Bélico",1382090
MX,2023-09,911 - En Vivo,"Fuerza Regida, Grupo Frontera",5068493
MX,2023-09,A Mí,Rels B,6553461
MX,2023-09,AMARGURA,KAROL G,8966729
MX,2023-09,AMG,"Natanael Cano, Peso Pluma, Gabito Ballesteros",14088316
MX,2023-10,$AD BOYZ II,Junior H,11158998
MX,2023-10,3D (feat. Jack Harlow),"Jung Kook, Jack Harlow",6453409
MX,2023-10,911 - En Vivo,"Fuerza Regida, Grupo Frontera",1227096
MX,2023-10,A Mí,Rels B,6364805
MX,2023-10,A TU NOMBRE,Junior H,2291509
MX,2023-11,"""Slut!"" (Taylor's Version) (From The Vault)",Taylor Swift,1386909
MX,2023-11,$AD BOYZ II,Junior H,8836684
MX,2023-11,3D (feat. Jack Harlow),"Jung Kook, Jack Harlow",1599267
MX,2023-11,A Mí,Rels B,8394367
MX,2023-11,ALV,"Arcángel, Grupo Frontera",3962871
MX,2023-12,$AD BOYZ II,Junior H,6099469
MX,2023-12,A Mí,Rels B,6693179
MX,2023-12,A Puro Dolor,Gabito Ballesteros,21831795
MX,2023-12,ALV,"Arcángel, Grupo Frontera",10014777
MX,2023-12,ALVRGZO,"Alex Favela, Código FN, Oscar Ortiz",8496611
MX,2024-01,$AD BOYZ II,Junior H,5301340
MX,2024-01,A Mí,Rels B,6279912
MX,2024-01,A Puro Dolor,Gabito Ballesteros,23153703
MX,2024-01,A chillar a otra parte,Pesado,2956557
MX,2024-01,ALV,"Arcángel, Grupo Frontera",9217947
MX,2024-02,A Mí,Rels B,8415662
MX,2024-02,A Puro Dolor,Gabito Ballesteros,24158682
MX,2024-02,A TU NOMBRE,Junior H,1328777
MX,2024-02,A Tu Manera,"Junior H, Peso Pluma",11327384
MX,2024-02,A chillar a otra parte,Pesado,1570455
MX,2024-03,(Entre Paréntesis),"Shakira, Grupo Frontera",3210618
MX,2024-03,A Mí,Rels B,6903633
MX,2024-03,A Puro Dolor,Gabito Ballesteros,16160781
MX,2024-03,A TU NOMBRE,Junior H,4450361
MX,2024-03,A Tu Manera,"Junior H, Peso Pluma",13111548
MX,2024-04,(Entre Paréntesis),"Shakira, Grupo Frontera",13008819
MX,2024-04,A Mí,Rels B,7144428
MX,2024-04,A Puro Dolor,Gabito Ballesteros,11892475
MX,2024-04,A TU NOMBRE,Junior H,2655229
MX,2024-04,A Tu Manera,"Junior H, Peso Pluma",7982185
MX,2024-05,(Entre Paréntesis),"Shakira, Grupo Frontera",7565994
MX,2024-05,"1 de Enero, Puntacana",Rels B,1825725
MX,2024-05,300 Noches,"Belinda, Natanael Cano",34149260
MX,2024-05,A Mí,Rels B,9658520
MX,2024-05,A Puro Dolor,Gabito Ballesteros,15319117
MX,2024-06,0 Sentimientos,Jasiel Nuñez,4514998
MX,2024-06,14 - 14,Peso Pluma,2495204
MX,2024-06,300 Noches,"Belinda, Natanael Cano",14290464
MX,2024-06,A Mí,Rels B,7601849
MX,2024-06,A Puro Dolor,Gabito Ballesteros,8458542
MX,2024-07,14 - 14,Peso Pluma,4527652
MX,2024-07,300 Noches,"Belinda, Natanael Cano",13064600
MX,2024-07,A Mí,Rels B,7067116
MX,2024-07,A Puro Dolor,Gabito Ballesteros,1452593
MX,2024-07,A TU NOMBRE,Junior H,7739911
MX,2024-08,14 - 14,Peso Pluma,5842381
MX,2024-08,300 Noches,"Belinda, Natanael Cano",13920363
MX,2024-08,5-7,"Tito Double P, Junior H",3229797
MX,2024-08,A Mí,Rels B,8951609
MX,2024-08,A TU NOMBRE,Junior H,8784182
MX,2024-09,300 Noches,"Belinda, Natanael Cano",8398156
MX,2024-09,5-7,"Tito Double P, Junior H",18762679
MX,2024-09,A Mí,Rels B,7646823
MX,2024-09,ADIVINO,"Myke Towers, Bad Bunny",1535118
MX,2024-09,AMARGURA,KAROL G,8732948
MX,2024-10,300 Noches,"Belinda, Natanael Cano",8859687
MX,2024-10,5-7,"Tito Double P, Junior H",25485883
MX,2024-10,A Mí,Rels B,9248987
MX,2024-10,A TU NOMBRE,Junior H,4490024
MX,2024-10,A chillar a otra parte,Pesado,6581276
MX,2024-11,+57,"KAROL G, Feid, DFZM, Ovy On The Drums, J Balvin, Maluma, Ryan Castro, Blessd",8917557
MX,2024-11,2:12 AM,"Rauw Alejandro, LATIN MAFIA",4553204
MX,2024-11,5-7,"Tito Double P, Junior H",24569309
MX,2024-11,A Mí,Rels B,7768841
MX,2024-11,A chillar a otra parte,Pesado,1591311
MX,2024-12,+57,"KAROL G, Feid, DFZM, Ovy On The Drums, J Balvin, Maluma, Ryan Castro, Blessd",1904396
MX,2024-12,2:12 AM,"Rauw Alejandro, LATIN MAFIA",1792970
MX,2024-12,5-7,"Tito Double P, Junior H",6963037
MX,2024-12,A Mí,Rels B,2498169
MX,2024-12,AMARGURA,KAROL G,1762111
SE,2023-06,17,"ADAAM, Pablo Paz, takenoelz",2439466
SE,2023-06,17 år,Veronica Maggio,1467486
SE,2023-06,5 SHOTS,"Ringnes-Ronny, Carina Dahl",338580
SE,2023-06,95,Mares,551936
SE,2023-06,All My Life (feat. J. Cole),"Lil Durk, J. Cole",333789
SE,2023-07,17,"ADAAM, Pablo Paz, takenoelz",2362246
SE,2023-07,17 år,Veronica Maggio,1268921
SE,2023-07,5 SHOTS,"Ringnes-Ronny, Carina Dahl",450134
SE,2023-07,95,Mares,140895
SE,2023-07,A Sky Full of Stars,Coldplay,1010423
SE,2023-08,(It Goes Like) Nanana - Edit,Peggy Gou,988615
SE,2023-08,17,"ADAAM, Pablo Paz, takenoelz",1882130
SE,2023-08,17 år,Veronica Maggio,1165865
SE,2023-08,5 SHOTS,"Ringnes-Ronny, Carina Dahl",391798
SE,2023-08,A Sky Full of Stars,Coldplay,270278
SE,2023-09,(It Goes Like) Nanana - Edit,Peggy Gou,643519
SE,2023-09,17,"ADAAM, Pablo Paz, takenoelz",1238903
SE,2023-09,17 år,Veronica Maggio,711439
SE,2023-09,1942,Ant Wan,129809
SE,2023-09,Agora Hills,Doja Cat,177771
SE,2023-10,(I Just) Died In Your Arms,Cutting Crew,132655
SE,2023-10,17,"ADAAM, Pablo Paz, takenoelz",690078
SE,2023-10,17 år,Veronica Maggio,637125
SE,2023-10,1942,Ant Wan,834227
SE,2023-10,20-nånting,estraden,493182
SE,2023-11,"""Slut!"" (Taylor's Version) (From The Vault)",Taylor Swift,711929
SE,2023-11,12 Timmar,"Asme, SRNO",130213
SE,2023-11,17,"ADAAM, Pablo Paz, takenoelz",723792
SE,2023-11,17 år,Veronica Maggio,753014
SE,2023-11,1942,Ant Wan,704388
SE,2023-12,17,"ADAAM, Pablo Paz, takenoelz",541333
SE,2023-12,A Holly Jolly Christmas,Burl Ives,1136379
SE,2023-12,Aktiv,"Asme, Owen",958768
SE,2023-12,All I Want for Christmas Is You,Mariah Carey,5870322
SE,2023-12,Andas in andas ut,Thomas Stenström,910792
SE,2024-01,031.,Victor Leksell,156426
SE,2024-01,17,"ADAAM, Pablo Paz, takenoelz",651536
SE,2024-01,17 år,Veronica Maggio,661175
SE,2024-01,51 - Freestyle,Sarettii,317966
SE,2024-01,9 to 5,Dolly Parton,173161
SE,2024-02,17,"ADAAM, Pablo Paz, takenoelz",590219
SE,2024-02,17 år,Veronica Maggio,818835
SE,2024-02,1942,Ant Wan,745893
SE,2024-02,30 KM/H,Lia Larsson,800855
SE,2024-02,30 under 30,Hov1,1714595
SE,2024-03,17,"ADAAM, Pablo Paz, takenoelz",491436
SE,2024-03,17 år,Veronica Maggio,727653
SE,2024-03,30 KM/H,Lia Larsson,3406922
SE,2024-03,30 under 30,Hov1,1074915
SE,2024-03,AMIGA,Jireel,384474
SE,2024-04,16 CARRIAGES,Beyoncé,151995
SE,2024-04,17,"ADAAM, Pablo Paz, takenoelz",294283
SE,2024-04,17 år,Veronica Maggio,880181
SE,2024-04,30 KM/H,Lia Larsson,1493874
SE,2024-04,30 under 30,Hov1,478069
SE,2024-05,(nendest) narkootikumidest ei tea me (küll) midagi,"5MIINUST, Puuluup",208468
SE,2024-05,...Ready For It?,Taylor Swift,198191
SE,2024-05,17,"ADAAM, Pablo Paz, takenoelz",316764
SE,2024-05,17 år,Veronica Maggio,1833570
SE,2024-05,2LURAR,Greekazo,170818
SE,2024-06,17 år,Veronica Maggio,1645709
SE,2024-06,30 KM/H,Lia Larsson,174630
SE,2024-06,360 featuring robyn & yung lean,"Charli xcx, Robyn, Yung Lean",172929
SE,2024-06,A Bar Song (Tipsy),Shaboozey,5195170
SE,2024-06,Africa,TOTO,178118
SE,2024-07,(Sittin' On) the Dock of the Bay,Otis Redding,502373
SE,2024-07,17 år,Veronica Maggio,1198545
SE,2024-07,30 KM/H,Lia Larsson,319735
SE,2024-07,A Bar Song (Tipsy),Shaboozey,4114850
SE,2024-07,Africa,TOTO,508751
SE,2024-08,(Sittin' On) the Dock of the Bay,Otis Redding,189000
SE,2024-08,17 år,Veronica Maggio,869933
SE,2024-08,A Bar Song (Tipsy),Shaboozey,3375708
SE,2024-08,A Sky Full of Stars,Coldplay,432985
SE,2024-08,ANTISOCIAL,"Sticky, VC Barre, 01an",181769
SE,2024-09,17 år,Veronica Maggio,724394
SE,2024-09,A Bar Song (Tipsy),Shaboozey,2791475
SE,2024-09,ALL RED,Playboi Carti,166153
SE,2024-09,AV MED OSS,HAVAL,618763
SE,2024-09,Acceptera,Sickan,546999
SE,2024-10,..and so it begins,Benjamin Ingrosso,180837
SE,2024-10,17 år,Veronica Maggio,801760
SE,2024-10,1942,Ant Wan,196461
SE,2024-10,A Bar Song (Tipsy),Shaboozey,2762874
SE,2024-10,A Lot More Free,Max McNown,477824
SE,2024-11,(Sittin' On) the Dock of the Bay,Otis Redding,677190
SE,2024-11,2 hands,Tate McRae,468375
SE,2024-11,433,Malik Dalasi,314959
SE,2024-11,A Bar Song (Tipsy),Shaboozey,1783333
SE,2024-11,A Lot More Free,Max McNown,614314
SE,2024-12,433,Malik Dalasi,178639
SE,2024-12,A Bar Song (Tipsy),Shaboozey,860054
SE,2024-12,A Christmas Song,Björnzone,1333114
SE,2024-12,A Holly Jolly Christmas,Burl Ives,431585
SE,2024-12,APT.,"ROSÉ, Bruno Mars",1101840
TH,2023-06,17,Dept,1071648
TH,2023-06,All About That Day,Nene鄭乃馨,430037
TH,2023-06,All Eyes On Me,JISOO,634303
TH,2023-06,All Of The Girls You Loved Before,Taylor Swift,409278
TH,2023-06,Angel Baby,Troye Sivan,134514
TH,2023-07,17,Dept,1526084
TH,2023-07,ASAP,NewJeans,485198
TH,2023-07,All Eyes On Me,JISOO,639438
TH,2023-07,Angel Baby,Troye Sivan,142411
TH,2023-07,"Angel Pt. 1 (feat. Jimin of BTS, JVKE & Muni Long)","Kodak Black, NLE Choppa, Jimin, JVKE, Muni Long, Fast & Furious: The Fast Saga",472785
TH,2023-08,17,Dept,1768772
TH,2023-08,2 faces,Mark Tuan,305729
TH,2023-08,ASAP,NewJeans,610868
TH,2023-08,All Eyes On Me,JISOO,609539
TH,2023-08,Are You out yet ?,Anatomy Rabbit,147540
TH,2023-09,17,Dept,1356496
TH,2023-09,ALICE,QLER,288113
TH,2023-09,All Eyes On Me,JISOO,297551
TH,2023-09,Are You out yet ?,Anatomy Rabbit,142200
TH,2023-09,B.O.M.B,TREASURE,166470
TH,2023-10,17,Dept,1031014
TH,2023-10,3D (feat. Jack Harlow),"Jung Kook, Jack Harlow",18986806
TH,2023-10,ALICE,QLER,138647
TH,2023-10,Agora Hills,Doja Cat,198295
TH,2023-10,All Eyes On Me,JISOO,728761
TH,2023-11,"""Slut!"" (Taylor's Version) (From The Vault)",Taylor Swift,189037
TH,2023-11,17,Dept,1110847
TH,2023-11,"24/7, 365",elijah woods,455067
TH,2023-11,3D (feat. Jack Harlow),"Jung Kook, Jack Harlow",6988015
TH,2023-11,ALICE,QLER,819358
TH,2023-12,17,Dept,358121
TH,2023-12,"24/7, 365",elijah woods,483939
TH,2023-12,3D (feat. Jack Harlow),"Jung Kook, Jack Harlow",4427913
TH,2023-12,ALICE,QLER,808362
TH,2023-12,Abyss,Jin,201851
TH,2024-01,17,Dept,694413
TH,2024-01,3D (feat. Jack Harlow),"Jung Kook, Jack Harlow",4311845
TH,2024-01,ALICE,QLER,991814
TH,2024-01,Agora Hills,Doja Cat,1039076
TH,2024-01,April,Only Monday,306890
TH,2024-02,17,Dept,916111
TH,2024-02,3D (feat. Jack Harlow),"Jung Kook, Jack Harlow",4639151
TH,2024-02,9 นาฬิกา,SPF,768569
TH,2024-02,ALICE,QLER,1256269
TH,2024-02,Abyss,Jin,606555
TH,2024-03,17,Dept,641947
TH,2024-03,3D (feat. Jack Harlow),"Jung Kook, Jack Harlow",3534932
TH,2024-03,9 นาฬิกา,SPF,1251964
TH,2024-03,ALICE,QLER,746846
TH,2024-03,Abyss,Jin,517700
TH,2024-04,17,Dept,308691
TH,2024-04,3D (feat. Jack Harlow),"Jung Kook, Jack Harlow",4338997
TH,2024-04,9 นาฬิกา,SPF,1405997
TH,2024-04,ALICE,QLER,340858
TH,2024-04,Abyss,Jin,927948
TH,2024-05,200,MARK,483086
TH,2024-05,3D (feat. Jack Harlow),"Jung Kook, Jack Harlow",3110043
TH,2024-05,9 นาฬิกา,SPF,2085439
TH,2024-05,April,Only Monday,325338
TH,2024-05,Armageddon,aespa,916508
TH,2024-06,3D (feat. Jack Harlow),"Jung Kook, Jack Harlow",3267745
TH,2024-06,9 นาฬิกา,SPF,1665067
TH,2024-06,Armageddon,aespa,3354726
TH,2024-06,As It Was,Harry Styles,199007
TH,2024-06,BIRDS OF A FEATHER,Billie Eilish,1858131
TH,2024-07,3D (feat. Jack Harlow),"Jung Kook, Jack Harlow",3006798
TH,2024-07,9 นาฬิกา,SPF,1560640
TH,2024-07,ABCD,NAYEON,189485
TH,2024-07,Armageddon,aespa,1382928
TH,2024-07,As It Was,Harry Styles,189698
TH,2024-08,17,DOYOUNG,233142
TH,2024-08,28 (feat. NiiHWA),"Agust D, NiiHWA",230591
TH,2024-08,3D (feat. Jack Harlow),"Jung Kook, Jack Harlow",3322550
TH,2024-08,9 นาฬิกา,SPF,1819204
TH,2024-08,Are You out yet ?,Anatomy Rabbit,1061368
TH,2024-09,28 (feat. NiiHWA),"Agust D, NiiHWA",365627
TH,2024-09,3D (feat. Jack Harlow),"Jung Kook, Jack Harlow",2552255
TH,2024-09,9 นาฬิกา,SPF,1458983
TH,2024-09,Are You out yet ?,Anatomy Rabbit,622597
TH,2024-09,Armageddon,aespa,463944
TH,2024-10,3D (feat. Jack Harlow),"Jung Kook, Jack Harlow",3834369
TH,2024-10,9 นาฬิกา,SPF,1698836
TH,2024-10,APT.,"ROSÉ, Bruno Mars",4972894
TH,2024-10,Armageddon,aespa,814876
TH,2024-10,BF,"PUN, URBOYTJ",1707542
TH,2024-11,2AM (คุณเคยรักใครมากๆมั้ย?),"Saran, BlackHeart, Rifle",455274
TH,2024-11,3D (feat. Jack Harlow),"Jung Kook, Jack Harlow",3453396
TH,2024-11,9 นาฬิกา,SPF,1506989
TH,2024-11,APT.,"ROSÉ, Bruno Mars",5822191
TH,2024-11,BF,"PUN, URBOYTJ",1011054
TH,2024-12,2AM (คุณเคยรักใครมากๆมั้ย?),"Saran, BlackHeart, Rifle",707247
TH,2024-12,3D (feat. Jack Harlow),"Jung Kook, Jack Harlow",2424998
TH,2024-12,3am,ROSÉ,273678
TH,2024-12,9 นาฬิกา,SPF,722342
TH,2024-12,APT.,"ROSÉ, Bruno Mars",2220594
US,2023-06,505,Arctic Monkeys,7185480
US,2023-06,7 Summers,Morgan Wallen,4314126
US,2023-06,77,"Peso Pluma, Eladio Carrion",2200220
US,2023-06,AMARGURA,KAROL G,2043576
US,2023-06,AMERICA HAS A PROBLEM (feat. Kendrick Lamar),"Beyoncé, Kendrick Lamar",2663103
US,2023-07,500lbs,Lil Tecca,2334993
US,2023-07,505,Arctic Monkeys,9451708
US,2023-07,7 Summers,Morgan Wallen,9067627
US,2023-07,AMARGURA,KAROL G,2261703
US,2023-07,AMG,"Natanael Cano, Peso Pluma, Gabito Ballesteros",9371112
US,2023-08,505,Arctic Monkeys,11826858
US,2023-08,7 Summers,Morgan Wallen,2189377
US,2023-08,AMARGURA,KAROL G,7012001
US,2023-08,AMG,"Natanael Cano, Peso Pluma, Gabito Ballesteros",2130829
US,2023-08,Ain't No Mountain High Enough,"Marvin Gaye, Tammi Terrell",4154448
US,2023-09,20 Min,Lil Uzi Vert,10030890
US,2023-09,500lbs,Lil Tecca,7018194
US,2023-09,505,Arctic Monkeys,10686689
US,2023-09,AMARGURA,KAROL G,2280518
US,2023-09,Agora Hills,Doja Cat,7162920
US,2023-10,20 Min,Lil Uzi Vert,2258906
US,2023-10,3D (feat. Jack Harlow),"Jung Kook, Jack Harlow",15484820
US,2023-10,500lbs,Lil Tecca,18295190
US,2023-10,505,Arctic Monkeys,10623909
US,2023-10,7969 Santa,Drake,11243941
US,2023-11,"""Slut!"" (Taylor's Version) (From The Vault)",Taylor Swift,36726236
US,2023-11,(Don't Fear) The Reaper,Blue Öyster Cult,2115927
US,2023-11,(There's No Place Like) Home for the Holidays - 1959 Version,Perry Como,2308026
US,2023-11,3D (feat. Jack Harlow),"Jung Kook, Jack Harlow",7445059
US,2023-11,500lbs,Lil Tecca,29198472
US,2023-12,"""Slut!"" (Taylor's Version) (From The Vault)",Taylor Swift,8068791
US,2023-12,(There's No Place Like) Home for the Holidays - 1959 Version,Perry Como,12621261
US,2023-12,500lbs,Lil Tecca,22124275
US,2023-12,505,Arctic Monkeys,10370659
US,2023-12,A Holly Jolly Christmas,Burl Ives,35604551
US,2024-01,"""Slut!"" (Taylor's Version) (From The Vault)",Taylor Swift,4470647
US,2024-01,500lbs,Lil Tecca,21162350
US,2024-01,505,Arctic Monkeys,10489837
US,2024-01,Agora Hills,Doja Cat,22950087
US,2024-01,Ain't No Mountain High Enough,"Marvin Gaye, Tammi Terrell",5168573
US,2024-02,16 CARRIAGES,Beyoncé,6556286
US,2024-02,2 days into college,Aimee Carty,2533951
US,2024-02,500lbs,Lil Tecca,29170782
US,2024-02,505,Arctic Monkeys,12687135
US,2024-02,A Cold Sunday,Lil Yachty,7887328
US,2024-03,500lbs,Lil Tecca,19671161
US,2024-03,505,Arctic Monkeys,10478591
US,2024-03,A Cold Sunday,Lil Yachty,2368882
US,2024-03,Agora Hills,Doja Cat,17566546
US,2024-03,Ain't No Love,"Future, Metro Boomin",4191671
US,2024-04,16 CARRIAGES,Beyoncé,9280403
US,2024-04,23,Chayce Beckham,2509364
US,2024-04,3001,J. Cole,2852769
US,2024-04,500lbs,Lil Tecca,16346519
US,2024-04,505,Arctic Monkeys,11127101
US,2024-05,360,Charli xcx,2920944
US,2024-05,500lbs,Lil Tecca,17749929
US,2024-05,505,Arctic Monkeys,14002369
US,2024-05,A Bar Song (Tipsy),Shaboozey,92742729
US,2024-05,ADIVINO,"Myke Towers, Bad Bunny",11374659
US,2024-06,360,Charli xcx,12335989
US,2024-06,500lbs,Lil Tecca,11050935
US,2024-06,505,Arctic Monkeys,10434117
US,2024-06,7 Summers,Morgan Wallen,7853974
US,2024-06,A Bar Song (Tipsy),Shaboozey,63105663
US,2024-07,(Sittin' On) the Dock of the Bay,Otis Redding,5213628
US,2024-07,28,Zach Bryan,27698486
US,2024-07,360,Charli xcx,18655312
US,2024-07,500lbs,Lil Tecca,5204410
US,2024-07,505,Arctic Monkeys,7664467
US,2024-08,(Sittin' On) the Dock of the Bay,Otis Redding,2720124
US,2024-08,2055,Sleepy Hallow,4875851
US,2024-08,28,Zach Bryan,29409535
US,2024-08,360,Charli xcx,26813927
US,2024-08,365,Charli xcx,10787980
US,2024-09,2055,Sleepy Hallow,7397458
US,2024-09,28,Zach Bryan,21496057
US,2024-09,360,Charli xcx,13922146
US,2024-09,500lbs,Lil Tecca,2429875
US,2024-09,505,Arctic Monkeys,15767837
US,2024-10,20 Min,Lil Uzi Vert,9589668
US,2024-10,25,Rod Wave,2817011
US,2024-10,28,Zach Bryan,20157285
US,2024-10,360,Charli xcx,5582910
US,2024-10,500lbs,Lil Tecca,10323745
US,2024-11,(Sittin' On) the Dock of the Bay,Otis Redding,2405080
US,2024-11,+57,"KAROL G, Feid, DFZM, Ovy On The Drums, J Balvin, Maluma, Ryan Castro, Blessd",2960645
US,2024-11,2 hands,Tate McRae,9006256
US,2024-11,20 Min,Lil Uzi Vert,7711661
US,2024-11,28,Zach Bryan,8863166
US,2024-12,(There's No Place Like) Home for the Holidays - 1959 Version,Perry Como,2903828
US,2024-12,2 hands,Tate McRae,2644168
US,2024-12,505,Arctic Monkeys,6532175
US,2024-12,A Bar Song (Tipsy),Shaboozey,12860351
US,2024-12,A Holly Jolly Christmas,Burl Ives,10935079
VN,2023-06,10 Ngàn Năm,PC,361697
VN,2023-06,2AM,"JustaTee, BigDaddy",369289
VN,2023-06,3 1 0 7 (feat. Duongg & Nâu),"W/N, Duongg, Nâu",302541
VN,2023-06,3 1 0 7 - 2 (feat. DuongG & Nau),"W/N, Duongg, Nau",238594
VN,2023-06,3107 3,"W/N, Duongg, Nau, titie",420180
VN,2023-07,10 Ngàn Năm,PC,528938
VN,2023-07,2AM,"JustaTee, BigDaddy",498720
VN,2023-07,3 1 0 7 (feat. Duongg & Nâu),"W/N, Duongg, Nâu",403844
VN,2023-07,3 1 0 7 - 2 (feat. DuongG & Nau),"W/N, Duongg, Nau",80761
VN,2023-07,3107 3,"W/N, Duongg, Nau, titie",552845
VN,2023-08,10 Ngàn Năm,PC,730858
VN,2023-08,2AM,"JustaTee, BigDaddy",604813
VN,2023-08,3 1 0 7 (feat. Duongg & Nâu),"W/N, Duongg, Nâu",858542
VN,2023-08,3 1 0 7 - 2 (feat. DuongG & Nau),"W/N, Duongg, Nau",714654
VN,2023-08,"3 1 0 7 7 - W/N ft. ( titie, Duongg )","W/N, Duongg, titie",171851
VN,2023-09,10 Ngàn Năm,PC,651747
VN,2023-09,2AM,"JustaTee, BigDaddy",506010
VN,2023-09,3 1 0 7 (feat. Duongg & Nâu),"W/N, Duongg, Nâu",765599
VN,2023-09,3 1 0 7 - 2 (feat. DuongG & Nau),"W/N, Duongg, Nau",591479
VN,2023-09,3107 3,"W/N, Duongg, Nau, titie",987898
VN,2023-10,10 Ngàn Năm,PC,702087
VN,2023-10,16,"Obito, Shiki",137903
VN,2023-10,2AM,"JustaTee, BigDaddy",555185
VN,2023-10,3 1 0 7 (feat. Duongg & Nâu),"W/N, Duongg, Nâu",737769
VN,2023-10,3 1 0 7 - 2 (feat. DuongG & Nau),"W/N, Duongg, Nau",584634
VN,2023-11,"""Slut!"" (Taylor's Version) (From The Vault)",Taylor Swift,190163
VN,2023-11,10 Ngàn Năm,PC,899138
VN,2023-11,2AM,"JustaTee, BigDaddy",790794
VN,2023-11,3 1 0 7 (feat. Duongg & Nâu),"W/N, Duongg, Nâu",1005816
VN,2023-11,3 1 0 7 - 2 (feat. DuongG & Nau),"W/N, Duongg, Nau",749055
VN,2023-12,10 Ngàn Năm,PC,875524
VN,2023-12,2AM,"JustaTee, BigDaddy",694579
VN,2023-12,3 1 0 7 (feat. Duongg & Nâu),"W/N, Duongg, Nâu",813210
VN,2023-12,3 1 0 7 - 2 (feat. DuongG & Nau),"W/N, Duongg, Nau",589760
VN,2023-12,3107 3,"W/N, Duongg, Nau, titie",852189
VN,2024-01,10 Ngàn Năm,PC,818826
VN,2024-01,2AM,"JustaTee, BigDaddy",653502
VN,2024-01,3 1 0 7 (feat. Duongg & Nâu),"W/N, Duongg, Nâu",823948
VN,2024-01,3 1 0 7 - 2 (feat. DuongG & Nau),"W/N, Duongg, Nau",570977
VN,2024-01,3107 3,"W/N, Duongg, Nau, titie",824559
VN,2024-02,01 Chuyện Dở Dang,Ngọt,368503
VN,2024-02,02 Mơ Làm Ma,"Ngọt, Thỏ Trauma",321439
VN,2024-02,03 Hay Là,Ngọt,227833
VN,2024-02,04 Thắp Hương 05 Hoá Vàng,"Ngọt, Quyền Thiện Đắc",203319
VN,2024-02,10 Ngàn Năm,PC,980879
VN,2024-03,01 Chuyện Dở Dang,Ngọt,643305
VN,2024-03,02 Mơ Làm Ma,"Ngọt, Thỏ Trauma",170207
VN,2024-03,03 Hay Là,Ngọt,119862
VN,2024-03,1 Phút,Andiez,397243
VN,2024-03,10 Ngàn Năm,PC,884423
VN,2024-04,1 Phút,Andiez,126784
VN,2024-04,10 Ngàn Năm,PC,997401
VN,2024-04,2AM,"JustaTee, BigDaddy",830138
VN,2024-04,3 1 0 7 (feat. Duongg & Nâu),"W/N, Duongg, Nâu",767731
VN,2024-04,3 1 0 7 - 2 (feat. DuongG & Nau),"W/N, Duongg, Nau",554295
VN,2024-05,1 Phút,Andiez,501098
VN,2024-05,10 Ngàn Năm,PC,1350539
VN,2024-05,2AM,"JustaTee, BigDaddy",1113317
VN,2024-05,3 1 0 7 (feat. Duongg & Nâu),"W/N, Duongg, Nâu",896275
VN,2024-05,3 1 0 7 - 2 (feat. DuongG & Nau),"W/N, Duongg, Nau",697485
VN,2024-06,1 Phút,Andiez,235956
VN,2024-06,10 Ngàn Năm,PC,1118928
VN,2024-06,2AM,"JustaTee, BigDaddy",816074
VN,2024-06,3 1 0 7 (feat. Duongg & Nâu),"W/N, Duongg, Nâu",674735
VN,2024-06,3 1 0 7 - 2 (feat. DuongG & Nau),"W/N, Duongg, Nau",578288
VN,2024-07,10 Ngàn Năm,PC,1256650
VN,2024-07,1000 Ánh Mắt,"Shiki, Obito",1930987
VN,2024-07,2AM,"JustaTee, BigDaddy",1105190
VN,2024-07,3 1 0 7 (feat. Duongg & Nâu),"W/N, Duongg, Nâu",726925
VN,2024-07,3 1 0 7 - 2 (feat. DuongG & Nau),"W/N, Duongg, Nau",614657
VN,2024-08,1 Phút,Andiez,138553
VN,2024-08,10 Ngàn Năm,PC,1264440
VN,2024-08,1000 Ánh Mắt,"Shiki, Obito",1816894
VN,2024-08,2 4,W/N,2412830
VN,2024-08,2000 câu hỏi vì sao,AMEE,1116408
VN,2024-09,06 Quen Lắm,Ngọt,203366
VN,2024-09,09 Chuyện Thường,Ngọt,139092
VN,2024-09,1 Phút,Andiez,523027
VN,2024-09,10 Ngàn Năm,PC,786003
VN,2024-09,1000 Ánh Mắt,"Shiki, Obito",1092077
VN,2024-10,1 Phút,Andiez,735212
VN,2024-10,10 Ngàn Năm,PC,1077003
VN,2024-10,1000 Ánh Mắt,"Shiki, Obito",1023150
VN,2024-10,2 4,W/N,1471783
VN,2024-10,2AM,"JustaTee, BigDaddy",1506796
VN,2024-11,1 Phút,Andiez,146929
VN,2024-11,10 Ngàn Năm,PC,848331
VN,2024-11,1000 Ánh Mắt,"Shiki, Obito",725072
VN,2024-11,2 4,W/N,489068
VN,2024-11,29,"Wxrdie, Mason Nguyen",388885
VN,2024-12,10 Ngàn Năm,PC,439287
VN,2024-12,1000 Ánh Mắt,"Shiki, Obito",389425
VN,2024-12,1TINHYEU (feat. Hustlang Robber),"RAP VIỆT, Hustlang Robber",238342
VN,2024-12,2 4,W/N,170805
VN,2024-12,2AM,"JustaTee, BigDaddy",569447
ZA,2023-06,24 Hours,Kaylow,795801
ZA,2023-06,AYE KUWA (feat. CK THE DJ),"King Monada, CK THE DJ",151280
ZA,2023-06,Abalele,"Kabza De Small, DJ Maphorisa, Ami Faku",158052
ZA,2023-06,Abracadabra (feat. Travis Scott),"Young Thug, Travis Scott",62036
ZA,2023-06,Adorn,Miguel,195069
ZA,2023-07,24 Hours,Kaylow,604098
ZA,2023-07,AYE KUWA (feat. CK THE DJ),"King Monada, CK THE DJ",46968
ZA,2023-07,Abalele,"Kabza De Small, DJ Maphorisa, Ami Faku",198361
ZA,2023-07,Adorn,Miguel,234778
ZA,2023-07,African Vibe PT 2,Peta Teanet,44359
ZA,2023-08,24 Hours,Kaylow,658850
ZA,2023-08,3:15 (Breathe),Russ,152567
ZA,2023-08,ALL MINE,Brent Faiyaz,48979
ZA,2023-08,Abalele,"Kabza De Small, DJ Maphorisa, Ami Faku",263287
ZA,2023-08,Adorn,Miguel,332829
ZA,2023-09,018,"Cassper Nyovest, Maglera Doe Boy",345107
ZA,2023-09,24 Hours,Kaylow,425398
ZA,2023-09,3:15 (Breathe),Russ,57758
ZA,2023-09,Abalele,"Kabza De Small, DJ Maphorisa, Ami Faku",226607
ZA,2023-09,Adorn,Miguel,306303
ZA,2023-10,018,"Cassper Nyovest, Maglera Doe Boy",138917
ZA,2023-10,24 Hours,Kaylow,278219
ZA,2023-10,3:15 (Breathe),Russ,55598
ZA,2023-10,3D (feat. Jack Harlow),"Jung Kook, Jack Harlow",225232
ZA,2023-10,7969 Santa,Drake,334450
ZA,2023-11,"""Slut!"" (Taylor's Version) (From The Vault)",Taylor Swift,86964
ZA,2023-11,3D (feat. Jack Harlow),"Jung Kook, Jack Harlow",59437
ZA,2023-11,500lbs,Lil Tecca,56613
ZA,2023-11,8am in Charlotte,Drake,199450
ZA,2023-11,ANGELZ AND DEMONZ,A-Reece,62883
ZA,2023-12,Abalele,"Kabza De Small, DJ Maphorisa, Ami Faku",244930
ZA,2023-12,Adorn,Miguel,337673
ZA,2023-12,Agora Hills,Doja Cat,668453
ZA,2023-12,Aliboli Icala,Khuzani,72201
ZA,2023-12,All I Want for Christmas Is You,Mariah Carey,579361
ZA,2024-01,Abalele,"Kabza De Small, DJ Maphorisa, Ami Faku",275774
ZA,2024-01,Adorn,Miguel,327793
ZA,2024-01,Agora Hills,Doja Cat,584821
ZA,2024-01,All My Life (feat. J. Cole),"Lil Durk, J. Cole",283821
ZA,2024-01,All The Stars (with SZA),"Kendrick Lamar, SZA",59038
ZA,2024-02,16 CARRIAGES,Beyoncé,166888
ZA,2024-02,Abalele,"Kabza De Small, DJ Maphorisa, Ami Faku",67661
ZA,2024-02,Adorn,Miguel,430311
ZA,2024-02,Agora Hills,Doja Cat,691742
ZA,2024-02,All My Life (feat. J. Cole),"Lil Durk, J. Cole",194933
ZA,2024-03,ART,Tyla,225933
ZA,2024-03,Adorn,Miguel,509558
ZA,2024-03,Agora Hills,Doja Cat,506036
ZA,2024-03,Ain't No Love,"Future, Metro Boomin",89288
ZA,2024-03,All The Stars (with SZA),"Kendrick Lamar, SZA",314186
ZA,2024-04,16 CARRIAGES,Beyoncé,77393
ZA,2024-04,3001,J. Cole,137922
ZA,2024-04,7 Minute Drill,J. Cole,354596
ZA,2024-04,A Bar Song (Tipsy),Shaboozey,291745
ZA,2024-04,AMERIICAN REQUIEM,Beyoncé,75202
ZA,2024-05,13 POS (Ke Bo Mang),"Focalistic, Sims Noreng",135771
ZA,2024-05,A Bar Song (Tipsy),Shaboozey,1532209
ZA,2024-05,ART,Tyla,677044
ZA,2024-05,Adorn,Miguel,552458
ZA,2024-05,Agora Hills,Doja Cat,329778
ZA,2024-06,13 POS (Ke Bo Mang),"Focalistic, Sims Noreng",434734
ZA,2024-06,A Bar Song (Tipsy),Shaboozey,1056808
ZA,2024-06,ART,Tyla,417421
ZA,2024-06,ATTITUDE (FEAT. CHARLIE WILSON & CASH COBAIN),"Don Toliver, Charlie Wilson, Cash Cobain",90560
ZA,2024-06,Abalele,"Kabza De Small, DJ Maphorisa, Ami Faku",155456
ZA,2024-07,13 POS (Ke Bo Mang),"Focalistic, Sims Noreng",86387
ZA,2024-07,A Bar Song (Tipsy),Shaboozey,894679
ZA,2024-07,ART,Tyla,80914
ZA,2024-07,Abalele,"Kabza De Small, DJ Maphorisa, Ami Faku",156256
ZA,2024-07,Adorn,Miguel,346364
ZA,2024-08,02 July,"Kelvin Momo, Stixx",111524
ZA,2024-08,2 Headed Goat (feat. Maglera Doe Boy),"25K, Maglera Doe Boy",90733
ZA,2024-08,A Bar Song (Tipsy),Shaboozey,996689
ZA,2024-08,Abalele,"Kabza De Small, DJ Maphorisa, Ami Faku",177659
ZA,2024-08,Adorn,Miguel,482173
ZA,2024-09,100 mill,"A-Reece, Jay Jody",323833
ZA,2024-09,10K Yey'nkomo,"Aymos, Mas Musiq, Samthing Soweto, Sha Sha",103858
ZA,2024-09,2 deep,"A-Reece, Blue Pappi",167294
ZA,2024-09,200 Bars,Big Zulu,185802
ZA,2024-09,21,Usimamane,115923
ZA,2024-10,"""Heal'lang""(folang)","DJ Janisto, Kharishma, Mack eaze",314119
ZA,2024-10,25,Rod Wave,439677
ZA,2024-10,A Bar Song (Tipsy),Shaboozey,857339
ZA,2024-10,APT.,"ROSÉ, Bruno Mars",321254
ZA,2024-10,Abalele,"Kabza De Small, DJ Maphorisa, Ami Faku",357776
ZA,2024-11,"""Heal'lang""(folang)","DJ Janisto, Kharishma, Mack eaze",538097
ZA,2024-11,25,Rod Wave,444779
ZA,2024-11,A Bar Song (Tipsy),Shaboozey,619055
ZA,2024-11,AMANGA (READ THE ROOM),Emtee,267583
ZA,2024-11,APT.,"ROSÉ, Bruno Mars",752239
ZA,2024-12,"""Heal'lang""(folang)","DJ Janisto, Kharishma, Mack eaze",314553
ZA,2024-12,25,Rod Wave,190173
ZA,2024-12,A Bar Song (Tipsy),Shaboozey,327759
ZA,2024-12,A-Z (Yashi Moto),"Vigro Deep, DJ Maphorisa, Kabza De Small, Uncool MC, Focalistic, Scotts Maphuma, Ricky Lenyora, Woza Sjax",223262
ZA,2024-12,APT.,"ROSÉ, Bruno Mars",491027
